Gene,Rank
RNF14,0.236778831
HSPA2,0.254525474
AGL,0.160161702
AGK,0.184728072
NCBP1,0.525199469
NCBP2,0.375913738
HSPA4,0.827188475
HSPA9,0.235362688
SSFA2,0.143526879
AGA,0.481128677
LAPTM5,0.700996205
ARFRP1,0.136566979
ZDHHC16,0.113271129
LIFR,0.322144752
EMILIN2,0.154828514
IGKC,0.347039144
AGT,0.484657054
ASS1,0.333402807
RNF11,1.640137581
ZNF709,0.084002975
KIAA0907,0.136952485
HSPA5,1.530393667
PIK3CA,0.642519272
GPR183,0.122856756
PIK3CD,0.437867846
PIK3CG,0.548651901
C11orf58,0.1629529
SPTLC2,0.182136434
ZC3H14,0.117773258
SPN,0.304198605
SPTLC1,0.26956147
KDM2A,0.150151714
TMEM57,0.109760439
ABCD3,0.407176079
LGALS4,0.146115873
SGSM3,0.150724896
CBLB,0.945321581
SIRPA,0.374069547
NUP98,0.479701011
MUC1,1.05209673
PPP2R2A,0.357414992
MUC4,0.076813323
SFRP1,0.407479477
RAI2,0.238022493
PIK3C3,0.149218574
MGEA5,0.185244214
COL7A1,0.633124491
P4HA3,0.103353627
MAX,0.69461955
TRAPPC2,0.432682194
ERI3,0.117722224
PARP10,0.168099326
CNOT8,0.327158381
PLXDC1,0.091562744
MAF,0.448498292
CTBP1,1.4007214
CTBP2,1.172071064
C11orf54,0.140737887
ADH1C,0.254173221
YWHAH,1.583286822
ITGA8,0.324617938
ITGA9,0.317403886
UGCG,0.179328417
KCNJ8,0.191395589
EVL,0.720073891
CCL18,0.2977849
ATP2A2,0.348280804
ATP2A3,0.101800014
ITGA1,0.373180511
ITGA2,0.497703018
ITGA3,0.776227382
ITGA4,0.704536506
ITGA5,0.891164655
RIT1,0.69010703
ITGA7,0.202153114
GTF3C2,0.255171156
MGST1,0.543317524
FASN,0.252991661
GTF3C4,0.258154346
SWAP70,0.311610615
PHLDA1,0.288972293
VPREB3,0.098356419
GPRASP1,0.784692733
XPO1,1.555842852
HN1,0.130534423
ZNF451,0.272950691
LILRB4,0.118001682
XPO5,0.339253169
CSDE1,0.345929407
XPO7,0.193629441
DGAT1,0.367906297
TTR,0.509233376
BACH1,0.220650363
JAM3,0.352317128
ATN1,3.171430526
SCUBE2,0.316045556
GMDS,0.362406672
TTN,0.485911307
KSR1,0.330093428
XPOT,0.329524344
GRP,0.091933547
APIP,0.287408891
GATAD2B,0.130426469
COL4A5,0.520817249
COL4A4,0.581035747
COL4A3,0.75878131
COL4A2,0.947221347
COL4A1,0.944765889
GRN,0.474853123
GART,0.430211623
ANAPC2,0.331748414
ZEB1,0.30058567
GARS,0.264932717
ANAPC7,0.34014237
ZEB2,0.400728516
ITGAX,0.252194391
RPS6KA2,0.325548711
RPS6KA3,0.503080885
RPS6KA5,0.752124593
WFDC2,0.155757773
BCL2A1,0.426217745
SH3D19,0.458261154
GPSM2,0.335269584
PSMD11,0.721687253
PSMD10,0.213668573
ITGAV,1.225455618
ATAD2,0.114065594
FRAT1,0.094319778
FRAT2,0.103503511
ITGAL,0.302258554
ITGAM,0.834390564
SERBP1,0.346520744
HLF,0.164192775
NOV,0.459553057
FOXC1,0.102276647
GANAB,0.205572004
SMAD9,4.61885176
TRERF1,0.074164187
CXCR2,1.053004122
SMAD4,4.440526317
SMAD5,1.521371223
SMAD6,0.46983125
SMAD7,1.640068104
SMAD1,3.308818694
SMAD2,5.070913117
SMAD3,5.363446329
NPHP3,0.333263566
RFK,0.192891637
FOXM1,0.145230932
NECAP1,0.125925165
CTH,0.247501679
PELI1,0.177777527
PELI2,0.215587372
ARF3,0.242173292
ARF1,1.538865513
PLRG1,0.088325931
ARF6,0.808594299
ARF4,0.192836168
DNALI1,0.107478658
SPARC,0.938723554
GALNT2,0.108813132
AP3D1,0.322944789
PTPRCAP,0.153617935
THAP10,0.095779658
IRF2,0.507494824
CCAR1,0.15756114
TCEA2,0.667527998
CALB2,0.083010345
COX4I2,0.225635153
SH2B2,0.58847389
SH2B3,0.307640027
CHTF18,0.136340501
HSP90AA1,3.003957564
SAR1A,0.126728746
SRPK1,0.604862413
NOL3,0.33006363
SRPK2,0.184898544
BDKRB1,0.075079988
FOXO3,0.576461984
RAB11FIP1,0.161567242
BDKRB2,0.389139112
CADPS2,0.184991209
CD99,0.447054466
FGL1,0.247265171
MCF2L,0.199273341
RBBP6,0.445944969
CD96,0.09790696
SPP1,0.768401737
CEBPD,0.412167114
CXXC5,0.339891608
CDC42,3.115115871
AGGF1,0.116049782
SPHK1,0.265145523
DPT,0.246027619
CUEDC1,0.097849709
PPHLN1,0.306866153
EEF1A1,3.140834627
HMGB1,1.492183741
CPEB1,0.134823727
RBBP5,0.087943573
CD93,0.70969576
RAB2A,0.403649481
ABAT,0.500725208
C8B,0.157774304
LOX,0.265855522
GCHFR,0.330702317
IFT80,0.192966369
MAOB,0.534527073
EEA1,0.632659301
UBTF,0.811085014
BRIX1,0.098658973
KIF4A,0.136978233
CDCA3,0.156510024
CLIP1,0.305850998
SLIT3,0.172224007
SLIT2,0.337481127
HOMER1,0.797848522
HOMER3,0.481333659
HOMER2,0.244530817
UTS2,0.204493862
AP3B1,0.222841994
CD48,0.585844812
FAM124A,0.085501537
CD44,1.564013861
CD47,0.513336241
CD46,0.350265567
LTBP3,0.381474619
CD40,0.752357675
RSF1,0.126500395
FGFR1OP,0.085277456
SLC31A1,0.402717726
TPSAB1,0.608732013
CHORDC1,0.112045639
THAP1,0.48279551
TCL1A,0.263047946
EIF4E2,0.188596185
TBL1X,0.409767393
RAB25,0.53493198
CFH,0.656316776
SERP2,0.19842648
DLEU1,0.311245364
PNP,0.432246488
CALR,1.26710259
CFB,0.233766132
CYB5A,0.63884737
EEF1E1,0.144865441
FAM101B,0.262802042
PNN,0.661084161
CHPF,0.24184709
HLA-DMB,0.611096908
EWSR1,3.840253995
CFP,0.223430385
HLA-DMA,0.63670512
SYTL5,0.094470573
SYTL4,0.381397233
RPN2,0.219052703
SYTL1,0.231961728
SYTL3,0.117635572
SYTL2,0.135289952
PPP2R3A,0.221325847
NQO2,0.228036887
SPRED1,0.113547027
SPRED2,0.163117279
NQO1,0.309859617
NOSTRIN,0.104996765
RCBTB2,0.474038642
CHI3L1,0.509908682
VCAN,1.172095039
C14orf1,1.880287935
PRPF4,0.174037098
PRPF6,0.373181794
TGOLN2,0.351135495
TRIM22,0.151092151
SIX4,0.094892854
ASB9,0.232764714
SIX1,0.350699087
SIX2,0.128419059
RFC5,0.255699134
RELN,0.197291971
CIRBP,0.118528513
RELB,0.53233529
RELA,3.198761407
PIP4K2A,0.139246731
HMG20B,0.312984229
RGS1,0.393455738
DPY30,0.296107112
ATG5,0.32774621
MRPL38,0.247978293
FAM69B,0.413104449
RINT1,0.253475182
KLK4,0.088682541
ZFHX3,0.255280821
PPFIBP1,0.282454935
RFC2,0.25447227
ORM1,0.147967691
SYPL1,0.146757791
RAB27A,1.111825902
RAB27B,0.345440537
APP,2.824940914
NRXN3,0.096460797
NRXN2,0.217895843
RFX2,0.325577559
RFX3,0.272315999
ELK3,0.383297912
CDON,0.139256757
ELK1,0.782845467
SPINK1,0.113676871
ELK4,0.236182589
APC,0.782440287
PAK6,0.178432516
ABCE1,0.307673108
PAK1,2.041560906
PAK2,1.378947164
FOXP2,0.238330038
RECQL4,0.112544952
COPS8,0.305226021
MAZ,0.166556197
IL10RA,0.112311899
FOXP4,0.354123395
COPS2,0.443641631
KHDRBS1,1.076600828
SAA2,0.173904654
KHDRBS3,0.401307587
ZNF593,0.125325386
MED1,0.881233237
MED6,0.149418077
MED4,0.326593289
PINK1,0.499124699
ZNF598,0.254722563
NAB2,0.091647438
ITIH3,0.163341161
ITIH2,0.20302389
SUB1,0.394636317
KRT18,1.633936111
DMBT1,0.242531736
TKT,0.28109099
PRKG1,1.064439944
FECH,0.336479089
C10orf54,0.162001644
CEP70,0.414714495
NLK,0.341244266
PPP1R9B,0.475441796
FDFT1,0.407461954
GCA,0.434648235
TCF4,0.799859826
IGF1,0.758823319
DPYSL2,0.258331805
CEP72,0.253183615
TCF3,1.356568609
DLD,0.308590227
ARID2,0.136841579
NUDT3,0.144163639
PMEPA1,0.193662285
IGFBP2,0.198030979
IGFBP3,0.856907833
SET,0.807338329
IGFBP6,0.246144997
IGFBP7,0.522391206
IGFBP4,0.407731266
ACLY,0.191376165
EPS8L1,0.133970482
EPS8L2,0.110155391
PLEKHB1,0.230813843
GJA1,0.600301326
FDX1,0.392329618
APLNR,0.324236591
GJA5,0.112847042
AZGP1,0.193873577
STK38L,0.207878784
MEF2C,0.735796939
TRIM8,0.207855983
PFN2,1.178328554
CREM,0.655569742
BTC,0.164711976
S100A12,0.227921866
GAS1,0.172400229
TRIM2,0.189417184
DNAJB1,0.291996365
BTK,2.149739688
SSB,0.504934707
MMP14,0.746452545
PDGFRA,0.901999316
MFNG,0.265582437
MMP15,0.109116498
RPLP2,0.233404137
NFATC2IP,0.123759494
PRKAR2A,1.265054049
CD300LF,0.10588876
PRKAR2B,0.382659501
TXNIP,0.613148972
CHMP1B,0.601244723
EMCN,0.135334076
MLF1,0.113107848
AREG,0.272664059
NUP62,0.722640208
ICAM2,0.350911654
NOTCH2NL,0.146100566
FANCF,0.150884641
MECOM,0.344533942
ALCAM,0.328154963
TPM4,0.11893373
RPS6KB1,1.029907732
TPM2,0.495666942
PRPF40A,3.123140065
ETF1,0.302089545
NDFIP2,0.256944831
NDFIP1,0.115976566
TNFSF8,0.138706689
FBXW2,0.187307165
FBXW7,0.76164726
TGFBR3,0.502719283
TGFBR2,1.329166037
TGFBR1,5.174040619
CLIC5,0.278303895
CLIC2,0.440655252
CLIC3,0.117912714
MTMR11,0.106379363
SH3RF1,0.470045723
GGTLC1,0.127417954
SSX2IP,0.176799006
YKT6,0.09912466
NUP155,0.239151248
ASGR2,0.18807424
ITGA6,0.569891333
PCIF1,0.093873774
FOXL1,0.090815647
SYNC,0.148379716
TJP2,0.550585888
TJP3,0.295543484
IL21R,0.074778723
TJP1,1.6999405
PTPN11,3.37264544
DNMBP,0.706758148
YOD1,0.368098706
CST7,0.136507459
DCTN5,0.107491283
GKAP1,0.215561008
HLA-DPA1,0.434447024
TUB,0.267794088
SH3PXD2A,0.212823895
LOXL1,0.238968532
SETBP1,0.110121896
MAD2L1,0.490661825
SVIL,2.766588614
KTN1,0.329517854
ST6GAL1,0.523529405
PCBD2,0.141918954
TCEB1,0.420295814
PRDX4,0.665961119
PRDX3,0.355725526
PRDX2,0.125289905
NFYC,0.31057365
NFYB,0.474996262
NFYA,0.596249876
EDNRA,0.247632382
SMARCA1,0.127186542
SMARCA2,0.491773824
MYBL2,0.36484954
SMARCA4,1.743169381
SMARCA5,0.597254065
FYB,0.51619247
AXIN2,0.348395233
TIPIN,0.108594336
MMRN1,0.083457422
CAMP,0.313592954
POR,0.390929664
C11orf16,0.10144126
ZAP70,1.743521347
PLEKHG2,0.179373085
BNIPL,0.285759564
CDC5L,0.442074618
HNRNPA1,0.369549782
RAC2,0.585140992
RAC1,3.23313744
GMPPA,0.361473749
RUFY2,0.128320524
VCL,0.93906811
CROCC,0.09799088
FCGR2A,0.332777199
COL6A1,0.370485554
PPP1R1B,0.253833045
AP2A1,0.607477427
SKIL,2.994355418
MED23,0.316167936
NBEA,0.199878524
CYTH1,0.416237423
VASP,0.864288053
CYTH2,0.752001575
PBX2,0.446945368
PAPOLA,0.168028916
PBX1,0.419199587
LILRB1,0.168211969
TRIM69,0.160546432
SLC16A1,0.105929918
KATNB1,0.084381412
AGR2,0.220145329
SCGB3A1,0.510341993
SCGB3A2,0.511321237
CEP135,0.099105614
TUBG1,0.580572536
DCAF7,0.101948961
CANT1,0.535980727
BACH2,0.18328677
WIPF2,0.218054967
WIPF1,0.358636412
PTCH1,0.287805794
CMKLR1,0.127903514
CD38,0.233794562
DYNLL2,0.541168716
IFI27,0.201298743
CD33,0.090228038
CD34,0.105832393
CD36,0.495895828
MST1,0.222004172
TXNDC9,0.190776754
POLR3C,0.155015336
PAM,0.47583309
TOPORS,0.385497186
DCN,1.443645024
IGF2BP2,0.128097595
CALM3,0.582174403
SPG21,0.453567924
CALM1,3.049458345
THRB,1.330670953
FAM46A,0.627433301
FAM46B,0.114552557
FAM46C,0.276947867
DARS,0.151653414
TAF4B,0.076221867
DLGAP4,0.387023771
LYPLA1,0.582531426
CUL5,0.293193598
ATP6V0D1,0.15832251
WDR61,0.255970593
CUL2,0.194948033
CUL3,0.321284298
TRIM28,0.510073249
TRIM29,0.662497904
HMGCL,0.543601612
TRIM25,0.213798416
CREB5,0.162116998
TRIM27,0.714333246
CLCN7,0.431423292
CLCN5,0.26820606
TRIM23,0.575093868
PER3,0.345432687
PER2,0.307904173
FLRT3,0.131082041
LY6E,0.179606199
HMGCR,0.380440274
BRD4,0.430184394
COIL,1.574230405
BRD7,0.831120044
BRD2,0.142070736
BRD3,0.133985157
RBM41,0.144617669
DNAJA1,0.517570119
ORMDL3,0.093680254
PTPN13,0.818261041
PTPN12,0.969952174
KIF5B,0.540836928
KIF5C,0.189614306
MASP1,0.258752297
PTPN14,0.229439348
F2R,0.475659217
TTC17,0.202759604
OAT,0.284018766
LYAR,0.15448691
CD3D,0.372404209
CD3E,0.501415377
CD3G,0.122903672
CSF2RB,0.810605012
CCDC50,0.128954904
AES,0.575103153
CSF2RA,0.27940169
DMD,0.654732573
PNRC1,0.305646946
PNRC2,0.305827652
GNAO1,0.766910711
HSPG2,1.410156751
GAB2,0.606547578
KAT2B,1.828318508
KAT2A,0.5170224
GAB1,0.773915776
CD209,0.31665932
HEBP2,0.249629298
LAIR1,0.112984876
IFNGR1,0.441670455
HABP2,0.284211343
ARHGAP4,0.100110944
NDRG1,1.945189079
CSRP1,0.283997718
ARHGAP1,0.81381998
PPM1F,0.206798548
PPM1D,0.14487881
USP49,0.122883724
PPM1A,0.300509995
EGR2,0.139277234
C4BPA,0.284737699
C4BPB,0.1073638
PPM1L,0.07277015
PPARGC1A,0.525871487
PPARGC1B,0.082594191
RNF130,0.19117866
RAPH1,0.142478326
VIL1,0.072701197
PPP6C,0.180822478
NFE2,0.376869596
CX3CL1,0.583493653
PJA2,0.198235101
CHEK2,0.957832743
ERP27,0.200018482
CLNS1A,0.139316125
PRKAB1,0.416218046
SIKE1,0.165091097
SLA,0.43502566
PAX5,0.504830272
RNF141,0.13238671
MRPL4,0.119230284
TIPARP,0.184679223
ZNF587,0.113100703
PTPN3,0.229803672
PTPN2,0.655407266
PTPN1,1.086273567
PTPN7,0.128544863
MRPL9,0.158546876
DDR2,0.229764181
LSM12,0.173958321
LENG8,0.101594639
LRCH4,0.188695274
CAMKK2,0.12350906
EIF4EBP1,0.556248976
NPTXR,0.190721105
EIF4EBP2,0.106677122
BAG2,0.112344076
BAG3,0.320654393
BAG1,0.744266579
BAG4,0.187648839
BAG5,0.364003867
MYO1G,0.101412941
MYO1F,0.127703499
SH2D1A,0.53086161
MYO1C,0.171842235
RTKN,0.296871663
FSTL3,0.207609695
CHST1,0.081513351
ALG10B,0.084160275
ARRB2,1.10635159
ARRB1,0.869764275
VDAC3,0.13846652
VDAC1,0.703836149
CD79B,0.425646312
BCR,0.927073394
CD79A,0.601582159
DEF6,0.313187424
ANAPC5,0.234840075
LCN2,0.335367258
GMFB,0.231665064
GPNMB,0.157411831
LY6G6F,0.068938662
HOXA10,0.368827497
AKAP8L,0.27136767
PPBP,0.451205526
PSMA7,0.284544059
PSMA5,0.188131752
C3,1.471743144
C2,0.281076413
BNIP3,0.337974115
C7,0.217596448
C6,0.178674341
C5,0.559093878
PDHA1,0.664438461
COL4A3BP,0.233211836
PTP4A3,0.127031296
LCAT,0.107910525
SRI,0.372159941
ZNF329,0.089609668
SORD,0.410680839
GALE,0.456842358
LGALS8,0.266967697
PRKAA1,0.519740919
LGALS2,0.160495726
UBR4,0.135726109
CP,0.27499102
RMND5A,0.123137929
FSCN1,0.316039707
NRBF2,0.172051928
SLPI,0.486328025
KCNJ2,0.452714894
NUP50,0.194048907
AKIRIN2,0.247618146
KCNJ5,0.272003122
G2E3,0.265415395
EIF2AK1,0.294785278
EIF2AK3,0.389559977
EIF2AK2,1.109470177
TAPBP,0.377292474
ADRB1,0.468185791
ADRB2,0.7460393
DAZAP2,1.175942548
COL1A2,1.026911209
COL1A1,1.515936891
RILPL2,0.59434871
ASAP1,0.373670747
ASAP2,0.337124938
NMI,0.653280302
OCRL,0.401662027
TMPO,0.542867799
IDO1,0.209596292
VARS,0.097836423
PLAUR,0.738615479
CMYA5,0.177004694
ECM1,0.27719519
FCGR3B,0.30486888
PEX19,1.106798154
GAL3ST1,0.118308903
FOXO1,0.714495755
TOP1,0.561819454
NIP7,0.116334956
PEX10,0.20937494
PEX13,0.242715706
ALDH1A1,0.616017943
STAM2,0.523528545
CDC37L1,0.202852735
PRICKLE1,0.201882265
PRICKLE2,0.112570949
SORBS2,0.657873261
GCNT1,0.08172723
LYPD3,0.173080166
CALCOCO1,0.483470956
CALCOCO2,1.45931012
NAP1L4,0.204514214
NAP1L5,0.169143783
RGS4,0.437012326
RGS5,0.293648033
SH2D4A,0.108480719
SLC16A10,0.086966484
RGS2,0.953914746
RGS3,0.5848515
ALOX5,0.617158428
MID1IP1,0.232969535
FLOT1,0.422705807
PIGC,0.105650708
SMARCB1,0.680943229
FLOT2,0.288674854
CALCRL,0.400510432
HPR,0.137001267
PIGK,0.221669056
PIGM,0.263526807
PIGR,0.217902397
PIGT,0.359137707
HPN,0.100618706
IL1RAP,0.617397333
PIGX,0.268028659
EPCAM,0.434335885
CD24,0.242971138
TAGLN,0.155396
TAX1BP1,0.308674756
SERPINB9,0.633531013
PPP1CB,0.368106326
OLR1,0.126587697
RHPN2,0.308507524
SRRM1,0.251784601
SRRM2,0.249926309
OAZ2,0.389737736
PDK1,0.303460749
TPPP,0.19170339
PDK3,0.21691977
PDK2,0.534285957
EBP,0.349776676
PDK4,0.310520743
KANK1,0.12366198
LNPEP,0.286901905
MYLIP,0.429162558
COL6A3,0.167523571
COL6A2,0.259146907
VEZT,0.193014905
HAVCR2,0.443985537
WBP4,0.145616117
FXYD6,0.424005352
PTGS2,0.290814495
PTGS1,0.202305062
FXYD3,0.192732683
HIF3A,0.187168638
FXYD1,0.296553835
CCR2,0.427961117
ZFAND5,0.362478427
MAFK,0.535436973
FBP1,0.332019772
MAFB,0.234703317
PHKB,0.12791876
PLIN2,0.284191442
MAP3K7,1.329015418
CDK2AP2,0.20422516
SMAP1,0.131298653
HIF1AN,0.191410328
EIF1AX,0.296974542
NTRK2,0.582571459
HSP90AB1,0.94554554
LRPAP1,0.423899699
ARHGAP21,0.177704933
MED13,0.357285358
ARHGAP27,0.071035768
ARHGAP26,0.133112672
SAP18,0.258166157
PTP4A2,0.14997203
PPP1R16A,0.662583736
ARHGAP29,0.181864508
NUCB2,0.144744939
BLNK,0.57172879
CD8A,0.376801835
SOCS5,0.18692256
DDIT3,0.712798624
DDIT4,0.157402712
DNAJC10,0.134450219
VIPR1,0.581420741
CD27,0.144764298
BMP5,0.169276849
VAPB,0.261186032
RBP1,0.322485264
BMP4,0.574272698
RBP4,0.105287919
VAPA,0.425910556
SNRPD1,0.201758139
UBR1,0.595294249
NUCB1,0.514598068
PA2G4,0.324008805
UBR5,0.464695032
KRAS,0.801391538
TWF1,0.132505979
BMP6,0.376954775
SOCS7,0.351921578
SOCS6,0.540859451
SOCS1,1.240365501
BMP2,0.725500996
SOCS3,0.857881084
SOCS2,0.27634937
PPP2CA,1.825306931
ACSL3,0.138970916
EIF4G1,0.49917556
MBTPS1,0.246329877
CCNY,0.130837147
ADAM9,0.45332756
DR1,0.434076819
FAT1,0.227434455
TERF1,0.983158235
GRB7,0.656569438
FAT4,0.10881522
CYTIP,0.250517981
CCNO,0.123344293
CCNH,0.55810585
EEF1D,0.705561371
IL20RA,0.208400068
RASSF8,0.208721352
PPP2CB,0.308707832
AKAP10,0.232144184
TRIM33,0.1235162
TBRG1,0.11318603
HP,0.542584752
RASSF2,0.129609691
RASSF5,0.610087096
RASSF4,0.11676214
RASSF7,0.149275788
C6orf62,0.113741989
RBM7,0.189643924
GREM1,0.130759785
FEN1,0.438660915
HCST,0.129221713
KREMEN1,0.121684989
KIAA1217,0.161982282
LUC7L,0.111430488
IL1R2,0.234428759
IL1R1,0.417548254
CHD1,0.255708241
PTN,3.197873124
CHD4,0.457933041
EGFL6,0.134922412
WISP2,0.120928654
CHD8,0.11092758
WISP1,0.151969507
CCNF,0.085823413
CAP2,0.097913759
HINT1,0.134808108
SUPT16H,0.236254216
TGFB1I1,0.756640442
PTS,0.35551758
FLYWCH1,0.081035475
MRPL12,0.458522806
RAB3GAP2,0.294550725
RCN2,0.243528902
RCN1,0.150678117
MRPL17,0.135313473
ARPC3,0.458099199
MN1,0.078330377
RHOQ,0.760076527
UAP1,0.599751563
LTB4R,0.099051829
TTC8,0.116837988
ARPC5,0.242059029
DHX30,0.272777988
POLR2E,0.447360699
RHOJ,0.528489371
RHOH,0.203926821
POLR2A,1.594360076
DAG1,0.737754967
POLR2C,0.88956641
ITPR2,0.16619264
RHOB,0.423144147
RHOA,2.341764655
ITPR1,1.079212127
TPRKB,0.150905001
POLR2H,0.398950578
F11R,0.589411932
RHOD,0.482683217
ABCG1,0.465943988
PLSCR4,0.242586218
TMEM62,0.168337485
PLSCR1,2.432823031
CCL3L3,0.112391513
USP54,0.183075372
ELP2,0.229206848
ITM2C,0.250834286
MTSS1,0.186381157
RNF128,0.287881981
BATF2,0.159597089
ASCC2,0.598284065
ASCC1,0.174308606
AIFM1,0.248543172
DYSF,0.209078433
RASSF9,0.109453162
PUM1,0.189017403
SSPN,0.186419371
POT1,0.162560269
CKS1B,0.330414954
MAPK14,2.828320129
KRIT1,0.172465355
UNC5CL,0.077786538
MAPK12,0.504263414
MAPK13,0.295183621
GRASP,0.148122297
SOX9,0.237046726
MLX,0.281691209
NCOR1,1.750862392
FZD1,0.350371424
FCER1G,0.260835582
TEK,0.660971549
AVEN,0.191269188
FZD5,0.322041323
SOSTDC1,0.301051977
FZD7,0.286037121
HUS1,0.30352383
SLA2,0.159245202
TEF,0.118894211
REPS2,0.389602565
BMPR1A,0.608020573
NBN,0.784676056
PCM1,0.671157256
NFKB2,0.878804049
TES,0.582596538
APAF1,0.554222953
RAP2B,0.213500992
ASH1L,0.121618358
RAP2A,0.787708145
AKR1C1,0.621927519
SIAH1,1.101828957
SIAH2,0.476099294
ZFP36L1,0.110838184
PTP4A1,0.29458049
GGA1,0.657248571
BEND5,0.090982011
AMFR,0.201076942
MLXIP,0.346582954
USO1,0.683124036
PLCD3,0.096325726
PTTG1,0.336076008
ZNF518A,0.095740985
ADM,0.401400045
PDZRN3,0.22381246
SLC12A6,0.095074754
FHOD1,0.384102736
BRWD1,0.103688847
SOS2,0.341049727
SOS1,1.418830636
TTC14,0.11624696
PKD2,0.451246693
TACC2,0.391706109
TACC3,0.198583958
JDP2,0.486796672
GJC1,0.180748552
PIAS2,0.53426794
PIAS3,0.873032171
CTGF,0.503642092
PIAS1,1.534883913
PSMB9,0.202554367
PRKACB,0.30174739
STAMBPL1,0.211462628
PSMB4,0.146416122
HIVEP1,0.216136812
HIVEP3,0.203983156
MKI67,0.234847801
ACVR1,2.165717022
RASL12,0.418828284
LPXN,0.382996601
KALRN,0.22681543
JUNB,0.7958398
JUND,0.921734338
TFF3,0.413738061
P2RX4,0.121396507
P2RX7,0.457640059
BCL2L14,0.114968665
BCL2L11,0.617839134
BCL2L13,0.118847454
CRY1,0.458786234
KCNK3,0.346871937
MSX1,0.372178258
SIN3B,0.416236762
SH3KBP1,0.993089051
SIN3A,1.984278839
TRAF1,0.999230358
TRAF3,1.037067984
TRAF4,0.808948492
TRAF5,0.534633138
HOOK2,0.609529874
HOOK3,0.28737902
GTF2H1,0.73729108
SH3BGR,0.087196182
MAPKAP1,0.103655787
ST5,0.15685953
NEBL,0.192512005
DIS3,0.243287241
RPL38,0.149390996
NFIB,0.342989524
CHD6,0.10377792
COL14A1,0.159680996
RPL31,0.128022993
CHD9,0.248444222
GNA14,0.249361657
GNA15,0.493303061
GNA13,0.814344548
GNA11,0.426709002
PCGF1,0.113514987
ATF7,0.498611463
ATF6,0.243027499
ATF1,0.616172077
ATF3,0.460046768
PRKAR1A,0.99289603
TAP1,0.477812311
ERRFI1,0.225701189
ZCCHC10,0.313077712
RYK,0.148362938
BUB1B,0.400574974
SUMO1,1.933106753
PSPC1,0.168735127
IGHG1,1.112697885
TMCO6,0.0916171
IL6ST,1.022641943
HSF2,0.145567471
WWP2,0.872527355
DLG1,1.646063443
OGDH,0.174414577
DLG5,0.260574653
FKBP10,0.114886327
CDC73,0.453415407
SOX6,0.277746307
RAB3IP,0.117583205
MIB1,0.233964029
PTGER2,0.249288063
AKT1S1,0.175378445
WEE1,0.708124397
CASP8AP2,0.187453293
ZMYM2,0.432683177
NPR1,0.220594197
IGF1R,1.789506483
NPR3,0.468429942
CTNNAL1,0.180993978
ARID1A,0.134741886
SLC38A2,0.180838074
CAMK2D,0.315021927
BCAT2,0.417350605
BCAT1,0.135511123
MTUS1,0.265837015
STK3,0.467266228
STK4,0.392871077
IFRD1,0.129002053
CSF3R,0.710575652
CXCL11,0.093918156
OSBPL3,0.102106654
CXCL13,0.228964453
CXCL12,0.435416032
CXCL16,0.431217444
UBE4B,0.186736868
AKAP7,0.150485043
GTF2F1,0.39991453
AKAP1,0.335932894
CD3EAP,0.118540066
AKAP9,0.575708837
KDM5B,0.115536196
STARD9,0.098572302
CD74,1.219012582
TROAP,0.105055793
YBX1,0.966778928
AR,4.898676644
ARHGAP19,0.097496968
IL7R,0.390521049
CAPZB,0.210814958
NUAK1,0.118589983
NOVA1,0.199540986
APOC1,0.706427399
HSP90B1,0.493945066
CCDC113,0.083162803
POLR1B,0.250888411
POLR1C,0.295040893
POLR1D,0.211966497
COL3A1,0.594498495
STIP1,0.287650313
TMEM132A,0.149272866
CHKA,0.103002948
PEG10,0.167346765
HIP1R,0.278556579
CHIC2,0.192739227
POLE2,0.367639035
WDR44,0.116960127
WDR47,0.186844144
RAB3GAP1,0.13165706
CETN2,0.213137282
UACA,0.125196973
GTF2B,1.173577112
LTC4S,0.479395267
AHSA2,0.09804735
ABI2,0.566661832
JAK2,2.492817128
JAK3,1.101452465
DIO2,0.143814598
JAK1,2.274382109
CCL21,0.44849529
CCL20,0.109689398
CCL23,0.104237384
GTF2I,0.620094623
NR1H2,0.662512606
NR1H3,0.538286104
MAPK1IP1L,0.237874152
SLC9A7,0.151947043
HOXB2,0.153653344
SENP6,0.153939476
DST,0.302757187
PCGF6,0.084411285
HOXB6,0.294944933
SENP2,0.222746158
DSP,0.743903702
PPARG,0.897086329
RHOU,0.168360979
PPARA,0.933902538
GLMN,0.178138182
ING5,0.377534351
THBD,0.18535728
ING1,0.702969034
ING2,0.248435681
ING3,0.149384689
PDAP1,0.204895374
CENPBD1,0.157454324
CSNK1A1,0.929146249
DCUN1D1,0.246385486
DNAJC5,0.179355376
DNAJC7,0.443962887
MAGOHB,0.195668792
DNAJC1,0.207305076
DNAJC3,0.23609119
MAP3K2,0.57364297
CD14,0.623218954
BHLHE41,0.13228128
GOSR2,0.216997773
SLC18A2,0.118760522
GOSR1,0.314110657
OBFC1,0.077252421
TFB2M,0.334660119
CD19,0.580165262
TWSG1,0.15005112
ACP5,0.700986107
FMR1,0.511869096
DES,0.434249321
ACP1,0.544023603
RALBP1,0.501649728
GLA,0.503626004
RAP1B,0.260252951
RAP1A,1.050229153
PRKDC,1.063416607
DYRK2,0.099869825
MPP5,0.195510973
ITPR3,0.33207036
PTGES,0.150915486
RGMA,0.193943022
NCOA2,1.507674896
ENPEP,0.211690209
NCOA1,1.721342864
ITPRIP,0.11795003
NCOA7,0.151035085
PHAX,0.10299315
NR2F6,0.376072956
NR2F1,0.480980367
NR2F2,0.603768868
PLA2G5,0.077234654
CISH,0.438957224
DDB2,0.288412445
ELL2,0.461713549
LIMD1,0.119838789
BSG,0.460480977
NSFL1C,0.287412594
IVD,0.465714597
RIF1,0.28109687
IL1RN,0.195482975
ZNF83,0.154831858
AUH,0.425895298
MECP2,0.373985509
TBPL1,0.201065426
MCAM,0.162864025
SS18,0.367515958
LDLR,0.516121158
FAM57A,0.367012562
PRAM1,0.246656965
SERPINH1,0.321190729
IL2RA,0.281734333
IL2RB,0.904533585
ZNF638,0.494952374
ACPP,0.133688499
SCARF2,0.29557332
IL2RG,0.713584878
DERL3,0.132877721
TBCE,0.157602594
APOBEC3F,0.145209556
GEMIN6,0.146683619
SPAG16,0.317580129
LMO7,0.134300145
NPNT,0.17756581
HSPE1,0.520571016
PBRM1,0.250356757
CDK5RAP2,0.590542837
CDK5RAP3,0.546896117
TRPV2,0.488084005
PRKD1,0.916741173
PABPN1,0.307383185
PRKD3,0.224203408
CTSH,0.547610381
CTTN,0.853217695
DHFR,0.256375896
ERC1,0.167910617
CHMP4B,0.527864734
CHMP4C,0.348341727
BAX,0.584701586
PLCG2,1.08722554
ERF,0.272487697
ERG,0.349693239
CBLL1,0.075162941
EPS8,0.849458474
SH2D3C,0.28754964
ZMYND8,0.279465844
EIF2S1,0.613081927
EIF2S3,0.166064013
DDX17,0.447777502
TOB1,0.614482083
TOB2,0.192791852
GJB1,0.239410586
CDK13,0.129260633
GJB3,0.109830497
GJB2,0.125790646
CDK16,0.384599748
CDK17,0.239613859
CDK14,0.586347212
KLF6,0.438053988
KLF5,0.20781629
KLF4,0.253916259
KLF3,0.127894777
KLF2,0.177586999
FPR1,0.191950492
PSMC2,0.327823716
IDH1,0.15510346
TRA2B,0.355223108
N4BP2,0.134474719
ARFIP1,0.155049211
MCTS1,0.446430363
HEATR1,0.131611445
CTSD,0.722701216
MDC1,0.529779197
APH1B,0.094129312
REST,0.220370542
BFSP1,0.136129271
ASCC3,0.260403125
RNF126,0.169544401
TRIP10,0.508602815
TRIP11,0.131992566
MEX3D,0.101729705
PASK,0.270832629
DEDD,0.221692214
MAP4K4,0.481598576
IL17RD,0.120478149
C3AR1,0.150023344
NUP37,0.280775112
RND1,0.312475532
MAP3K12,0.426530999
RND3,0.248627296
MAP3K14,0.936863054
PPP3CA,0.792471858
PPP3CC,0.194348329
DCAF10,0.125961123
SLC1A1,0.263150469
SLC1A3,0.115171457
SFTPD,0.727669124
TGM2,1.184151593
DYNC1I2,0.180710038
SFTPB,0.364819568
FNBP1,0.493931862
IKBKB,1.486774899
ZXDC,0.178570287
UBXN11,0.227111062
EIF3H,0.1066089
DNTTIP1,0.46127304
EIF3J,0.544265814
RARB,0.295071781
EIF3M,0.087104645
RARG,0.409202506
CLIP2,0.134265893
FGFR2,0.399996333
EIF3B,0.313608455
FNBP4,0.366157518
ADRA2A,0.313971181
EIF3F,0.276137746
DHRS1,0.121364996
TFRC,0.513997168
GMPR,0.286542787
FGFBP1,0.304625079
MKKS,0.122232739
MTMR4,0.109510818
MTMR2,0.443612154
CDKN2B,0.240965248
JAKMIP2,0.08027185
CCNL2,0.132006158
BARD1,0.697907969
TSC22D1,0.591578715
DAAM1,0.117687756
TSC22D3,0.429437296
NOMO3,0.102170203
BAZ1A,0.281474818
MNDA,0.355534872
NME7,0.140180424
TPR,0.334982742
NMT1,0.26860721
NIN,0.421100704
KITLG,0.424324089
CDCA8,0.147984833
DZIP3,0.217465608
JAG1,0.348645549
MTCH2,0.101810637
FN1,3.033431685
SAP30L,0.124661014
CSTF2T,0.174156237
FA2H,0.102916682
SLC2A1,0.410719021
SYT7,0.313807231
SYK,2.425356833
PLAGL2,0.117260028
PLAGL1,0.209230385
KRT19,0.806799591
CCL2,0.411941847
NFATC1,0.337042717
NFATC2,0.54989463
NFATC3,0.246795603
NFATC4,0.135002485
CCL4,0.250822763
CCL5,0.678545792
FUBP3,0.094357361
CCL8,0.269070675
FUBP1,0.302980277
CPB2,0.124015651
LRG1,0.107462251
TEAD4,0.225697874
BCKDK,0.110496842
EXOSC3,0.165473812
VANGL2,0.099384371
EXOSC6,0.797515065
EXOSC7,0.26455392
C1orf116,0.14437201
WDR4,0.316204574
MARCO,0.943363396
SAP30,0.499385805
ADAMTSL4,0.393084906
GNAI2,1.395389783
CLEC5A,0.130197631
NES,0.153571395
CEACAM1,0.547894492
NID2,0.333304685
NID1,1.008521145
FOXA2,0.206540157
CEACAM5,0.186019205
CEACAM6,0.170443325
ANGPT2,0.183901142
ZNF277,0.122813715
RRBP1,0.266656992
ANGPT1,0.252298161
NOLC1,0.297920633
PPP1R14A,0.428587493
ENG,0.60873652
CA12,0.44413901
FZD3,0.129900994
F12,0.325365948
BTG3,0.295009772
F11,0.247143547
ZMYND11,0.439602097
ICMT,0.217463075
SLC22A4,0.136153374
EPAS1,0.603260021
SDSL,0.159288223
FZD6,0.245921389
SRRT,0.138951501
AGR3,0.302308176
PCDH17,0.137789132
ATP6V0A2,0.090311291
RALB,0.199111786
RALA,0.87904914
SCD,0.229988039
ATM,1.177742433
SCYL3,0.102244594
RCOR3,0.21818518
STXBP3,0.185477334
STXBP2,0.426842007
ATR,0.567535056
ADAM33,0.120944588
STXBP6,0.101292368
FLT4,0.479645453
FLT1,0.875749733
OSTM1,0.433255664
DNAJB9,0.345540949
PVR,0.324890353
SKP2,0.894361008
SKP1,1.918169704
S1PR3,0.196657012
S1PR1,0.24051353
YME1L1,0.111024957
S1PR5,0.124956363
SASH3,0.24992409
FANCG,0.426355654
CFLAR,0.535897459
IFI16,0.448500513
FANCL,0.238557417
FANCI,0.084997663
H1F0,0.284310726
ARSE,0.16495087
FRK,0.098440057
HNRNPA0,0.119998494
PODXL2,0.095606532
CA9,0.181503232
IL6R,0.505303776
ENO1,0.298769617
ENO2,0.40535046
CCND2,0.379468036
CLU,0.672857582
TAOK1,0.163807019
COL17A1,0.532563786
LRRFIP1,0.180452806
ACOX1,0.194314022
IRS1,2.077739984
IRS2,1.121594019
CDK1,3.890042933
CDK2,2.139149969
CDK4,1.592513846
CDK5,1.667001643
CDK6,0.75151737
CDK7,0.648276676
CDK8,0.370451943
TAF9B,0.133700052
LPAR1,0.249265352
CFD,0.641022887
RNF146,0.145670703
PTK2,3.149402459
PTK7,0.441114841
PTK6,0.259448654
SF3B4,0.240263058
MSH2,0.383043598
MSH3,0.142869052
SF3B1,0.277622436
PRKAA2,0.392098078
MSH6,0.178817871
LIMS2,0.113436323
ITGB3BP,0.521991713
MCL1,0.806737003
CRK,1.895770001
SORBS1,0.567005165
SEMA6D,0.101941952
PRKX,0.21531927
ODC1,0.746167613
ACCS,0.385194038
SEMA6A,0.23212623
RERE,0.724279769
ARPC1A,0.151664249
IL18RAP,0.157753175
RGL1,0.142073302
HSPD1,0.748641795
DNAJC14,0.151759814
FUT4,0.210254457
ARHGDIB,0.426643583
MTX2,0.499272671
MTX1,0.502228262
ARHGDIA,0.604128382
C16orf45,0.118756254
USH1C,0.209544491
EPRS,0.179510738
LY86,0.389886445
FEM1B,0.193381886
ASF1A,0.286773844
ASF1B,0.160439832
AMD1,0.498511075
PRKCI,0.896842168
PRKCH,0.289547966
COPA,0.189418864
PRKCA,5.41171005
PRKCB,2.24528004
PRKCE,1.062223281
PRKCD,3.340011821
PRKCZ,1.918130158
RER1,0.143441323
SGSM2,0.692615465
EBF1,0.26599063
PRKCQ,0.662874766
LMNA,1.355626284
HBA2,0.721770375
AGTPBP1,0.384177663
MAML3,0.24889312
DDX21,0.170489271
DDX24,1.101705871
GULP1,0.126350264
SH3BGRL3,0.188115291
PFKFB2,0.277890784
NRIP1,1.098196988
SCRIB,0.273763947
TYMS,0.418487552
SAE1,0.125116924
GGA2,0.78012176
ZNF91,0.152288629
VTI1B,0.176691022
RAB8B,0.425281329
MFAP4,0.241564225
AFF4,0.129263658
ADD3,0.143206518
ADD1,0.352970554
WWP1,1.0176686
CDKN2AIP,0.102305072
FBXO11,0.110677384
FBXO15,0.110310176
PPIL4,0.110906614
CWC25,0.095245252
TMED10,0.351419625
MAP3K8,0.355045441
MAP3K9,0.14993125
HAMP,0.194011885
TIAM1,0.626079333
PARD6G,0.26759346
MAP3K3,1.000564413
MAP3K6,0.191651455
CCDC91,0.344062199
MAP3K5,1.421227601
PLA2G7,0.111761211
MARCKS,0.355270348
FMOD,0.221776333
RPGR,0.342634316
HIST1H1C,0.164380733
NUP210,0.150226878
LUC7L3,0.164617
LUC7L2,1.614465999
ERBB2,1.60514697
ERBB3,0.949227554
CTSK,0.18623337
SHC1,3.50996779
SHC3,0.253007345
CTSA,0.466252266
CTSB,1.3787041
CTSC,0.276571056
KCNAB1,0.079145372
SH3GLB1,0.522251945
SH3GLB2,0.098656419
CTSG,1.04834889
RPL14,0.121584337
B4GALT1,0.229942245
SH2D2A,0.205359083
GPATCH8,0.110063738
FGFR4,0.451283534
CTSS,0.273600903
SETD5,0.132991991
FGFR3,1.007070499
RASGRF1,0.31686576
NME4,0.266690342
INPP5A,0.190455847
INPP5B,0.099096389
CXCL2,0.264997714
INPP5D,0.93068776
NME1,0.854418751
CXCL9,0.12762597
RAI14,0.188402474
SPEN,0.292899751
PRSS23,0.627511594
PRRX1,0.183728324
TNRC6B,0.128223026
CNST,0.10472311
DAPP1,0.234839721
EMB,0.121227303
FGFR1,1.02433645
USP28,0.093577976
EPHX2,0.183415844
PAIP1,0.133349033
FBLIM1,0.357859866
SKAP2,0.381039951
USP25,0.109408346
RGN,0.12156014
TRAF3IP3,0.099264189
CDC16,0.456929606
PDE4DIP,0.266983361
CXCL1,0.270287836
AHNAK,0.266345682
DCTD,0.256128489
NT5E,0.118683602
PDPN,0.130438714
PNPLA2,0.158414807
TIAM2,0.074509989
CARD8,0.43250169
RRM2B,0.254550367
SMPD1,0.193992531
CANX,1.081357075
AMOTL2,0.513319221
MAP1A,0.460528453
MAP1B,0.619724641
EFS,0.229663835
FOS,1.575345581
UNC5B,0.120793388
UNC5C,0.174916732
PHKA1,0.295480088
UBA6,0.121019651
PDP1,0.194153291
ATG12,0.34449464
UBA5,0.125500173
GBP5,0.312123656
PWP1,0.130918291
PHF23,0.117229648
UBE2I,3.446694386
ATG10,0.206530849
UBE2K,0.167295011
NAA15,0.094908002
TP53,8.678646792
FAM162A,0.07289907
GNAS,0.394740728
UBE2A,0.341242341
UBE2C,0.235226713
ST8SIA4,0.187262654
SFPQ,0.652975296
PSMB2,0.145847905
UBE2W,0.217103347
AGFG1,0.303509834
STX1A,1.628867189
NDN,0.484724632
VSTM2L,0.116644177
HSPB1,0.600625582
RPS15A,0.194082529
CD177,0.099961776
RPS10,0.206689871
KRT7,0.315139262
GNG12,0.213336168
KRT5,0.265193969
SRGN,0.332690919
IL1B,0.542022588
KRT8,0.850313198
FRMD6,0.202707607
VPS45,0.144565428
SIK1,0.202646392
VPS41,0.320321764
SIK3,0.094687977
SIK2,0.095046815
KRT81,0.140744745
PNO1,0.323453041
CPXM2,0.120652136
BMP2K,0.106469825
CASK,1.006495466
PDE3B,0.087585858
EHHADH,0.161318927
CAST,0.36918654
RAB22A,0.245813445
CBFB,0.224548758
KRT6B,0.147557483
RABEP1,0.629432695
NMNAT1,0.184790223
MORF4L1,0.369104091
CNPY2,0.361735062
EPB41L1,0.379892293
EPB41L3,0.443914331
CAB39,0.105782997
UBE2H,0.146015602
COMP,0.090694211
ADH5,0.527824473
WAC,0.207080701
KIDINS220,0.219943946
WBP11,0.551953138
TFF1,0.347549991
MAST2,0.221654933
FLT3LG,0.212783812
SALL2,0.339274809
UBE2M,0.137644028
CD180,0.3735863
WAS,1.191766022
ADAM28,0.100591357
GNAQ,1.040922439
RAB9A,0.275584384
LILRB2,0.168606789
DFNA5,0.128113951
TBL1XR1,0.286726235
LATS2,0.164475064
WNT2,0.380082176
GSTM2,0.450083431
UBE2N,0.543337726
GSTM4,0.217845149
IL15,0.177587978
IL16,0.594559302
IL6,0.20926344
MED13L,0.216790881
FARSA,0.151035768
STX12,0.36835807
PIP4K2C,0.116895778
STX17,0.123550257
STX16,0.427355803
ZMIZ2,0.17369901
BST1,0.148591585
RIPK4,0.158129802
SAT1,1.268030429
UBE2B,0.130997451
DTX3,0.435176593
GPRIN2,0.353531316
BIRC6,0.345738312
BIRC5,0.459459785
BIRC3,0.266041739
EIF5,0.346830748
PTCD3,0.316946401
ATF7IP,2.286451027
INSR,2.341292072
RBMS1,0.156267413
HIST2H2BE,0.744927293
RBMS2,0.419975845
TXNL4A,0.099665102
RB1CC1,0.115409745
SAFB2,0.159315924
ANKRD12,0.109176355
SPTBN1,0.676157645
KLF13,0.259107607
KLF12,0.166763444
KLF11,0.249714729
EBAG9,0.419786515
TFAP2A,0.702987125
TFAP2C,0.258328463
BCLAF1,0.140780291
NSF,0.76668201
TLN1,0.500539499
DMWD,0.116555235
DPP3,0.114121308
DPP4,1.017306246
DPP7,0.101593116
PCNA,2.141548879
PAPSS1,0.228176035
ANXA3,0.187207325
TPST1,0.323311699
CEP63,0.09220152
MNS1,0.093171263
CENPB,0.22632953
MCM7,1.06656407
MCM6,0.551782582
MCM5,0.419082851
MCM4,0.537679857
MCM3,0.782419724
DFFB,0.181445137
STK39,0.371291486
DUSP16,0.209063815
HPGDS,0.242227
SQSTM1,1.181799343
PDCD5,0.132040456
RPA1,1.006575688
RPA3,0.245385881
C1D,0.255621475
CXorf40A,0.223675787
REV3L,0.176135699
PRUNE2,0.239147833
COL12A1,0.545189218
HDHD3,0.114205666
C1S,0.391371805
C1R,0.494661575
AHCY,0.491151107
SLC9A3R1,1.100708374
ILF3,0.45126132
M6PR,0.17385294
AOC3,0.122943443
TIMP3,0.428316417
TIMP2,0.317388207
TIMP1,0.289329062
NRCAM,0.403410452
HBD,0.219129783
SEC24B,0.177091845
TNFAIP8L1,0.110593715
KCNK1,0.192447969
CHMP2B,0.576676703
MUC20,0.179314899
BOK,0.174055076
KIFAP3,0.37451396
DHX15,0.131871848
HIBADH,0.494310043
MS4A7,0.549297631
NUP43,0.190891613
MS4A2,0.290172753
LDOC1,0.846534768
MS4A1,0.225893956
TPX2,0.183919712
MBIP,0.787170133
RXFP1,0.192628598
ZNF148,0.292832418
WWC1,0.286097049
DSC2,0.608764919
INPP4A,0.206439501
MICAL1,0.200021882
PYGB,0.132829192
PHC1,0.14349045
CSNK1G3,0.111755481
GOT2,0.541051397
LYN,3.05710648
LMAN1,0.182164024
RNASEL,0.224902191
ETHE1,0.11203434
RNASE2,0.168486879
SOD2,0.44434682
SOD3,0.174517481
TMF1,0.199896451
TANC1,0.326347353
LY9,0.198671692
VWA1,0.216465264
KCNN4,0.091269894
PRF1,0.243878058
PTX3,0.367262552
SEC23IP,0.102588659
IP6K2,0.118936022
FZD4,0.213114473
BRSK1,0.116499931
CCR1,0.775979857
ROBO1,0.291988681
ROBO2,0.486202503
FBXL5,0.169523988
H2AFY,0.16378834
PKIB,0.169469202
TLR2,0.698630642
DDX5,0.507564818
CTR9,0.140994245
TMEM189-UBE2V1,0.165042747
HUNK,0.106443677
TLR4,0.800924699
TLR5,0.167408115
UPF1,0.773585129
TLR8,0.09750585
VDR,1.15355442
STMN1,0.384221547
STMN3,0.511901515
RRAGD,0.281959259
TRAK2,0.220973538
TRAK1,0.289483762
NFKBIA,1.892424527
FMN1,0.083234392
HLA-F,0.528171092
HLA-E,0.437098908
NFKBIE,0.325170456
NOX1,0.089846243
RPS6KC1,0.342686749
LIN7C,0.15949732
NOX4,0.081360769
PGS1,0.095580149
ARID4A,0.181063059
ARID4B,0.076599506
NSMAF,0.087958271
BEX2,0.173400036
ARNTL2,0.159007566
NMD3,0.10351163
MRPL42,0.123928533
HAUS7,0.320835518
UBE3A,0.72907368
HAUS2,0.131882457
HAUS1,0.104588272
NR5A2,0.251955207
SLC35A2,0.115256089
PCOLCE,0.15461266
CYLD,0.191483639
MPDZ,0.537482755
DLX2,0.206393597
TOP2A,0.714373522
ACVRL1,0.360774097
LSAMP,0.10697325
TFEC,0.220617945
TFEB,0.172177702
PGM5,0.172881748
MRPL44,0.100293362
PGM1,0.142796355
VSIG4,0.160961074
EHMT2,0.523717702
RECQL,0.323922097
APLN,0.317275831
FGF9,0.264670227
DBP,0.297588201
SART3,0.14336436
SRPRB,0.544743628
FGF4,0.266617645
FGF2,1.239952103
FGF1,0.486829623
RBM8A,0.340096758
PMP22,0.254191204
BCAM,0.133113316
TNFAIP8,0.170325163
VAV1,2.130678339
SDC1,0.58386037
VAV3,0.477419537
SDC3,0.571626238
SDC4,0.53316071
RBPMS,1.177442545
TNFAIP3,0.832389884
XPNPEP1,0.159700417
NUP153,0.794312437
HTT,1.591409021
TMEM43,0.254650674
IPO8,0.136032056
BAIAP2,0.790561681
RCAN3,0.127542003
IPO5,0.373849586
ACTR3,0.481721074
ACTR2,0.399637934
NAP1L1,0.193178144
BCAP29,0.351604836
DEFB1,0.137119536
JAZF1,0.106843701
FOXP1,0.42551858
ROBO4,0.21567177
FYTTD1,0.54171469
NLRP3,0.155754609
CNR1,0.265580708
TP63,0.307241629
HEYL,0.479700567
NAA20,0.568166027
GNL3L,0.096638957
RAB11FIP3,0.346612697
POLDIP3,0.143695874
SGCE,0.14372549
SGCD,0.387994128
CNKSR1,0.603385114
SGCB,0.411328612
SGCA,0.263035089
GFPT1,0.117133125
MAPK1,5.685199813
MAPK6,0.243966102
PPP1R12A,0.441724509
PPP1R12B,0.189292014
DUSP5,0.105661751
DUSP4,0.216936797
MAPK8,2.175001579
SNRNP70,0.840513861
DUSP1,0.449701533
DUSP3,0.307028268
DUSP2,0.12329855
NKD1,0.101749171
ICOS,0.213126446
NKD2,0.116316261
ELN,1.058741359
ICAM1,0.517521335
RBL2,0.736324464
STYXL1,0.113741034
CASR,0.275567342
RDX,0.547389832
FERMT2,0.196513681
TGS1,0.184367021
BCOR,0.293524759
GABPB1,0.404499032
HEY2,0.38239868
THNSL2,0.162275793
HEY1,0.441554211
SIL1,0.185262562
LFNG,0.159369235
VPS35,0.149077456
CCL17,0.169857001
EMILIN1,0.402529859
CCL19,0.354638475
WDR91,0.098323148
MTF2,0.15610036
STAT5B,1.290438777
CTDSP2,0.109078427
NKX3-1,0.157265435
CSE1L,0.358186085
ARFGAP3,0.123833748
CNTN4,0.201232791
KCTD5,0.208608405
NUMA1,0.467506053
TRIB3,0.190329314
RBM12,0.200568217
ADAM10,0.343999436
HSPA1B,0.377517092
EPB41L2,0.339409689
ADAM15,0.879774569
ADAM17,0.473083745
ADAM19,0.11065444
SERPINA1,0.654565514
SERPINA3,0.658107848
SERPINA4,0.091606175
SERPINA5,0.417664989
PLOD2,0.481103092
CPNE2,0.405428921
DGKQ,0.107703904
NRAS,0.733785002
DGKH,0.261770745
CREB3L1,0.204079921
PXN,1.870286527
CABLES1,0.228981075
PYCARD,0.342368235
USP6NL,0.150205395
CABLES2,0.227503083
AK1,0.135357042
DGKD,0.317292811
DNMT3B,0.448870514
MPHOSPH9,0.082711619
DNMT3A,0.406591398
PTPRA,0.396360256
RAD21,0.331446457
G3BP2,0.111487868
COL13A1,0.428244559
GNL3,0.131131688
COMT,0.3480536
USP13,0.194735731
USP10,0.305315138
USP16,0.119510306
CD69,0.463405098
GDE1,0.274912407
USP18,0.277608431
SSBP2,0.122790269
NPM1,0.774303985
BAP1,0.087587909
PACS2,0.123657801
SNRPE,0.604662834
HSPA13,0.250311316
SDHB,0.136850965
HSPA14,0.104043318
PTPRK,0.369853774
TXNDC17,0.228691845
IL27RA,0.134013807
SEC23A,0.339462367
PDE2A,0.307572631
UCP2,0.193500345
UPF3B,0.414161923
UPF3A,0.52697769
ZBTB43,0.264390095
ZBTB44,0.226493644
BRAF,0.700442802
DPM3,0.201927512
ATF2,1.092142229
SMARCC2,0.382534334
PCSK9,0.180358784
SYNPO,0.134732269
ESPN,0.084321396
PRKAG2,0.227661965
PCSK5,0.263103963
HIPK3,1.118785863
HIPK2,1.107023061
HIPK1,0.173765882
SMARCC1,0.304718842
ZNF165,0.33705403
ANP32A,0.681315637
FDXR,0.151741314
SEMA4A,0.259568392
SEMA4B,0.12511784
SEMA4D,0.260479283
GABRB2,0.252055061
C8orf33,0.118969733
SEMA4G,0.101011701
BYSL,0.247239767
PRPS1,0.243596808
ZCCHC14,0.209004268
RETN,0.203560803
NAPG,0.11444381
AP1M2,0.53658392
PRIM1,0.16128526
NAPA,0.490490369
THY1,0.307084956
TARDBP,0.212658192
YAF2,0.127749579
SF3A1,0.212058645
LARP1,0.162821632
ARHGEF12,0.4223322
ARHGEF15,0.140888815
IFFO1,0.18027693
SHOC2,0.219583904
DHX9,0.950849072
C1orf174,0.13104045
PAPPA,0.58317445
FXR1,0.443416054
PIK3C2A,0.169826822
GALNT12,0.120783919
MUC13,0.26362382
TNS1,0.261446222
FKBP4,0.482863836
STRBP,0.202867291
GALNT10,0.120000876
LST1,0.240604799
EDIL3,0.154495126
AHR,0.87208483
PTEN,0.842537181
CEP76,0.343387857
FAS,1.201049276
PLTP,0.201262568
ENC1,0.166349568
ANGPTL1,0.177372725
GSTM1,0.334332378
KLC1,0.471109764
KLC3,0.291895622
SNRK,0.124784357
ACTA2,0.443306733
RASGRP3,0.178687202
GSTM3,0.355832348
MMP11,0.178310311
MMP12,0.206546243
CDKN1C,0.354153666
CDKN1A,1.803532262
QSOX1,0.139919862
UBE2D2,0.41027129
UBE2D3,0.39819842
UBE2D1,0.32906321
LIPE,0.18769228
MYO18A,0.126418156
PRG2,0.172117794
DBN1,0.318810971
BAZ2A,0.20630577
EDNRB,0.328682425
WWTR1,0.361201779
DNAI1,0.086814039
PPP1R15A,0.413688991
APOE,0.914287873
TANK,0.307961447
PALLD,0.256798079
APOH,0.208035448
PAICS,0.284194169
NF2,0.630268797
NFIL3,0.459835668
GDF15,0.439024556
DYNC2LI1,0.349711478
VEGFB,0.341474254
TSPYL4,0.168632467
TTF1,0.39998523
CCDC53,0.530981538
FYN,4.741292024
FST,0.231698814
ZNF227,0.099015098
RPH3AL,0.316922806
KCNQ3,0.185964397
NCAPD2,0.259914957
PAXIP1,0.179901562
BLM,0.386299802
HOXC10,0.111649645
VEGFA,0.987352564
UBE2E3,0.441764703
VEGFC,0.178798333
CBR3,0.127389406
HCK,1.738446845
TOR1AIP1,0.201335053
NUFIP2,0.112784553
BNIP2,0.341082263
NUFIP1,0.174706813
C7orf25,0.190506256
PREPL,0.112419776
GZMA,0.231664777
GZMB,0.70408555
TMOD2,0.148806338
ZNF426,0.368214845
FBXO30,0.242473599
ZNF423,0.195443194
FBXO32,0.120746904
SIRPB1,0.2045033
ATXN7,0.2626786
VWF,0.437456131
PEG3,0.129469909
NAB1,0.129444184
ATXN3,0.4344777
ATXN1,5.241451296
MYH10,0.280625401
CDH11,0.13754964
RECK,0.116636621
TK1,0.331579981
SRGAP1,0.244736362
CDH13,0.233856397
AKAP12,0.218213063
AKAP13,0.561732882
REL,0.654945227
AKAP11,0.271236416
ANTXR1,0.256650141
SPSB1,0.145845191
AP1AR,0.141253835
HTRA1,0.634914159
PIK3AP1,0.191129552
KCNH2,0.392952775
HMBS,0.111316096
NEDD9,1.131106947
SDPR,0.181692299
PARD6B,0.726765264
ARHGEF11,0.436356743
SNX13,0.132042017
KLRG1,0.372345088
SMC3,0.273009788
SMC2,0.334641978
NEDD4,1.270064423
SMC4,0.285220584
PYROXD1,0.40270962
CDC37,0.779492179
CDH19,0.159619393
ALAS2,0.361891842
S100A9,0.285945543
S100A8,0.570309469
FICD,0.096831104
S100A4,0.624428256
S100A6,0.260293477
S100A3,0.298838682
S100A2,0.375824152
LIMK1,0.838734758
LONRF3,0.089522229
STYX,0.124507608
ABTB1,0.144825149
PIK3C2B,0.202330528
PLA2G16,0.20316734
SPIB,0.360865527
LTB,0.424814811
ALDH3A1,0.247646109
LTF,0.514123798
LEF1,0.666747639
ALG13,0.17913449
OFD1,0.189975808
RIOK1,0.102466637
ARID5A,0.11921599
APBA2,0.337160078
MICALL1,0.16762823
NTN1,0.231805352
NTN4,0.179288825
BMPR1B,1.926199309
BANF1,0.274727289
ICAM3,0.359883031
RUNX1T1,0.948849044
GLS2,0.26591606
MAP2K6,0.441466433
COL10A1,0.207611536
RBM4,0.108962827
CRIPAK,0.096561248
MORC4,0.111011549
ARL8B,0.218489503
RASGRP2,0.308711234
GPD2,0.149584032
EGFR,5.580739255
NPR2,0.22559908
CAT,0.269137474
NLRC4,0.200459821
ALOX5AP,0.278153077
AP1S1,0.319070237
AP1S2,0.216895135
NDE1,0.316653264
TXNL4B,0.084514974
PGF,0.32401642
HLA-DRA,0.55026785
CCNA2,0.803427386
WDR1,0.122343379
MAP3K13,0.307156975
DYNC1I1,0.220160668
SPI1,1.023652328
PDE1A,0.081127332
TWIST2,0.13377236
UHMK1,0.19355759
HNF1B,0.116827436
PEA15,0.353114307
CXCR1,0.610069231
PGR,0.944181817
CXCR6,0.405986895
CXCR4,1.081648656
JAG2,0.254559686
RABGEF1,0.422270141
PRKRA,0.388563483
IVNS1ABP,0.322134812
NUMBL,0.225910626
MAVS,0.340651032
C21orf91,0.126697533
APPBP2,0.677137301
VEPH1,0.238251121
CDC25B,0.698405706
LGALS3BP,0.726439266
IL33,0.399543416
PLEKHO1,0.159636443
NRP1,0.884168651
NRP2,0.391875956
EXOC2,0.204497708
EXOC3,0.184922665
E2F5,0.270464996
E2F3,0.360576557
EXOC7,0.645293875
EXOC4,0.29239952
EXOC5,0.181343797
CA2,0.49681535
DOCK10,0.094655868
CEPT1,0.425325621
ARMCX2,0.209661278
CA4,0.156458387
ACBD3,0.102110223
ANK2,0.327211761
ANK3,0.345186069
PPP1R13B,0.105839564
TRIM6,0.25745509
FRMD4B,0.153509727
GHR,0.659545691
PDGFRB,1.811298256
GSTA4,0.574265121
RAB26,0.145882671
GSTA1,0.395911469
HYLS1,0.097882768
MIF,0.497412097
C5AR1,0.370000411
TNNC1,0.228279567
CXCL10,0.305739278
FBLN2,0.965298698
FBLN1,0.874221225
PPL,0.407855643
FBLN5,0.379361685
RSU1,0.120702754
ADAMTS1,0.26288284
ARHGEF9,0.138645387
ARHGEF6,0.764473224
ARHGEF7,0.734372514
ARHGEF2,0.372959798
GNG11,0.332479362
DYNLT3,0.464542439
ARHGEF1,0.280362779
GMCL1,0.122376872
RCN3,0.161514593
GLUD2,0.225329535
CDH1,1.357606146
PLXND1,0.271836584
CDH3,0.213811399
CDH5,0.679490033
CDH6,0.305650008
IFITM2,0.29079531
IFITM1,0.762373326
HPCAL1,0.158516343
RAB5A,1.008193416
RAB5C,0.400281365
CENPH,0.268987096
CENPF,0.367959335
RAMP1,0.251333128
DFFA,0.266538017
RAMP3,0.36619142
RAMP2,0.249980501
LDB2,0.193605933
SEC24D,0.275877422
CLCF1,0.438264766
PEX11B,0.170050545
SEC24A,0.141200574
SIGLEC10,0.098538867
SSH1,0.226189982
CENPT,0.113892201
PAFAH1B1,0.705396299
PAFAH1B3,0.682540361
RNF19A,0.35030092
HGD,0.214313648
PYCRL,0.310260958
SCARB2,0.125538925
SCARB1,0.127130625
ARSA,0.296119102
CSF1,0.201145423
CTSE,0.248627176
CSF3,0.092103029
SFN,1.344575204
PLEKHA5,0.15133814
IPP,0.102511999
EID2,0.274134193
MALT1,0.164369605
ALAD,0.247034893
EID1,0.356418492
TRIP6,1.425687223
MEF2A,0.502257572
PLEKHA8,0.09324441
ANXA1,0.530885431
ERAP1,0.104446386
STARD13,0.480093108
RRAD,0.401178003
SPRY4,0.202492723
PROS1,0.369421962
SEC62,0.487790834
SEC63,0.493245418
RRAS,0.496466686
TRIB1,0.196447152
PLA2G1B,0.32730827
ARFGAP1,0.409140067
LAMB1,0.235737551
LAMB3,0.374718872
ATP7A,0.163253528
MYOCD,0.189720865
DHX36,0.142573044
NEK6,0.465701619
NEK7,0.152063548
DDX58,0.292878891
BMF,0.33083903
NEK3,0.086849633
CABIN1,0.321408302
NEK1,0.434257811
U2AF1,0.317250285
DENR,0.429476434
ANXA6,0.386482138
NEK8,0.188736016
NEK9,0.545011295
GATM,0.323858575
CDC42BPA,0.430209967
SF3A2,0.309677931
BMX,0.547563882
TNKS2,0.20230859
KCNAB2,0.210987703
TXNRD1,0.437974773
SUV39H2,0.394494094
BUB3,0.210496136
VNN2,0.097575414
NUPR1,0.212887259
TTPAL,0.084393902
TIFA,0.23354193
UBE2E2,0.139068682
ZNF24,0.345472565
SHB,0.552586202
NR0B2,0.500547942
SHH,0.477806271
ADSSL1,0.279538293
DYNC2H1,0.343867637
EGLN3,0.250739274
NASP,0.332231614
OGT,0.403951762
MTHFD1,0.529394365
ATP5C1,0.747143377
MGP,0.184255324
GSTZ1,0.424447295
DUSP6,0.150886949
MCM2,0.904808156
TNKS,0.436820862
MYC,2.074006841
ZNF239,0.086835129
GCH1,0.544234478
CCDC47,0.157318055
TPM3,0.439557189
TMEM139,0.101610485
SNRPA1,0.086866271
SPRY2,0.3847533
TRPC1,0.556503148
TRPC6,0.267063826
TPM1,0.429709567
TREM2,0.160534417
GMNN,0.444692105
LUM,0.250230912
COASY,0.120300136
MRE11A,0.449779446
HSD17B14,0.162205604
RACGAP1,0.821250136
TNFSF14,0.213704252
CDKL1,0.12455795
CDKL2,0.089825167
AZI2,0.11382276
ZNF341,0.082779182
RCHY1,0.480535837
RANBP9,1.190247778
ZNF346,0.132529888
ASAH1,0.366694646
NUAK2,0.237608625
VGLL4,0.170443771
CADM1,0.3211482
XK,0.115939932
FGD6,0.095316058
RALGDS,0.718247824
GNB5,0.216613836
GNB4,0.247024915
GNB1,0.294358037
TYMP,0.491189547
DLL1,0.578244481
MERTK,0.398204232
RLIM,0.369929255
PRELP,0.331823127
TRIP13,1.977395076
CCDC17,0.081639634
ARNT,0.817045182
RSRC1,0.14434446
HHLA3,0.096251403
STX3,0.496560965
STX2,0.295040983
STX7,0.382603625
EPDR1,0.146316174
FAM107A,0.672548641
TRAM2,0.204474144
MYO9B,0.225639275
PARD3B,0.102841055
SLAMF7,0.185058487
KRR1,0.117505986
RANBP2,0.53747473
SLAMF1,0.231397147
DSCC1,0.079317698
SMN2,0.318683899
TGFB1,1.559161211
TGFB2,0.773056353
TGFB3,0.568151877
PHF10,0.224339901
PHF12,0.246001636
TRIO,0.275533184
EZH1,0.161245745
PRSS3,0.213298838
EZH2,0.829867606
EYA2,0.267544827
PTGDS,0.478190006
F13A1,0.293276827
IL18BP,0.123082979
IQGAP1,0.769771705
IQGAP2,0.303899507
SH3RF3,0.134780956
YWHAZ,4.127716336
IRF7,0.324138362
RAVER1,0.151737766
CASQ2,0.082778451
TFCP2,0.194922262
RB1,4.459379481
IFIT2,0.326598032
ETS2,0.653825477
IL18,0.369227761
CDYL,0.15151256
ETS1,1.008759336
NOD1,0.338779024
AURKA,0.785648291
NOD2,0.142938844
HCLS1,0.575750566
FCRL3,0.064757906
YWHAE,2.086673177
SOX18,0.119493019
NDUFS6,0.208674112
CDC42EP3,0.242959177
CDC42EP2,0.15704701
CDC42EP1,0.358467717
NR4A1,0.855502993
CARD16,0.296399235
CDC42EP5,0.105374965
CELSR2,0.287303484
CELSR1,0.130342869
GLRX,0.312796698
TUBA4A,1.717221411
SHE,0.112027035
SEC61A1,0.601970063
CALD1,0.285534319
VAMP1,0.288754885
CCNB2,0.247615459
CCNB1,0.851289888
VAMP2,0.634374308
CHST15,0.278408914
VAMP4,0.21894111
VAMP7,0.554289578
AGAP1,0.426832984
FEZ1,1.735012715
FEZ2,0.22352063
ROCK1,0.94544938
CSTF3,0.097271011
TESC,0.290805087
CUL4B,0.315815352
MMP9,1.412487018
TGFBI,0.52585969
ILF2,0.198631049
MMP2,1.652858878
CXADR,0.20406005
PITPNC1,0.162458865
MMP1,0.614849054
BPTF,0.196981859
SATB1,0.55080414
NDUFB8,0.151601224
PCCB,0.502120077
PCCA,0.264337508
AGER,0.357836788
PODXL,0.19575004
CHN2,0.186154521
CHN1,0.298282456
GSR,0.405436313
CAPRIN1,0.656078796
CCNT1,0.678199073
FAM124B,0.181420384
SLC4A7,0.243156489
CCNT2,0.202232909
CAV2,0.394126814
AXL,0.733244
CAV1,2.702803051
PECAM1,0.787596497
SUGT1,0.280351509
TAF11,0.339998373
TPD52,0.409858502
FMNL3,0.095144873
FMNL1,0.153303019
PZP,0.349971112
CBFA2T3,0.312464523
CBFA2T2,0.378680119
IRF2BP2,0.162546419
STAP2,0.302536379
STAP1,0.067848867
ENSA,0.262172842
ATP5G3,0.665363791
MAPRE1,0.23142312
SULT1C2,0.359314854
TNFRSF9,0.17571561
BRCA1,3.596200341
AQP4,0.19694685
SERPINF1,0.201281918
VRK1,0.14821634
H3F3A,0.896355814
API5,0.093628187
WNK1,0.184383251
PACSIN2,0.190462642
LRRC1,0.104963431
NR2C2,0.567356392
TNIP1,0.236995737
NOP2,0.104410956
ACOT7,0.127446565
ABHD5,0.169558477
HBB,0.653924854
SHMT2,0.243246524
ADCY7,0.10586771
P4HB,0.722042375
PLD1,0.755706079
LIMA1,0.110446319
ITGB1BP1,0.268297745
SECTM1,0.147927455
TCF7L2,0.27000238
RBBP4,0.570996011
RUNX2,0.875431679
RUNX3,0.420841611
BMPR2,1.444412489
PIP5K1B,0.100494281
PIP5K1A,0.219543904
MED28,0.26467462
SORBS3,0.688681784
DOCK9,0.127483569
APBB1IP,0.218162797
PRKAB2,0.218867321
DOCK2,0.233010301
SCEL,0.142557046
ENAH,0.821451609
SKAP1,0.24290093
EIF5A,0.217939764
HOXB9,0.304037432
TAP2,0.229514791
TNPO1,0.635231467
STX6,0.467998033
SKI,0.715400766
XRCC4,0.549565517
FNBP1L,0.309889656
SMURF1,2.545940634
SMURF2,3.072319936
HSPH1,0.496852004
UBAP2L,0.251568505
SUPT7L,0.100936231
JUN,3.502381815
MEIS1,0.272602696
SCNN1G,0.439061507
SYT11,0.166511401
SCNN1B,0.44909848
SCNN1A,0.566291034
HOXB3,0.10252652
NARF,0.127331779
RBM39,0.162749769
GEM,0.225330771
EPHB2,1.193573927
EPHB3,0.325032501
TFR2,0.163720317
EPHB6,0.22144045
MYO9A,0.114262664
RALGPS2,0.140112114
RALGPS1,0.087367605
PARP2,0.25022194
HOXB7,0.28543681
BCCIP,0.330508353
TP53INP1,0.181398945
DTNBP1,0.21272463
LAMC2,0.344857834
LAMC1,0.370509431
F2RL1,0.329468784
GPHN,0.379432488
LMNB2,0.199766341
SCUBE3,0.262053238
IL13RA1,0.106239452
LMNB1,0.695176178
GSTT2,0.275842446
TOLLIP,0.746879252
CUX1,0.588579919
KIAA1683,0.135953904
WARS,0.464608837
CDC14B,0.100628043
SLC6A8,0.122117169
MELK,0.336192213
ATP6V1G1,0.093149519
PPP2R5E,0.304589112
TIE1,0.230788263
PPP2R5C,0.427902162
NADK,0.224887676
MYOM2,0.085010233
SH3YL1,0.195900135
XAGE2,0.097338801
INSIG1,0.163083238
DSN1,0.3236757
POLA1,0.452912186
LAX1,0.15454949
TBX3,0.421374985
FBXO2,0.171170506
FBXO3,0.136668134
FBXO4,0.231784925
LYZ,0.322737169
TBX4,0.092600448
FBXO7,0.224762724
FBXO8,0.136617894
FBXO9,0.133127611
A2M,1.401792094
SH3GL3,1.300826309
LIG4,0.232290452
HACE1,0.163367471
C18orf25,0.106687871
STRN3,0.206139429
ECT2,0.234180341
ZHX3,0.251163819
ZHX1,1.803825337
C10orf2,0.150101365
XCL1,0.183321717
SS18L1,0.232899964
FHL2,1.492986237
TCEB3,0.156961857
FHL1,0.269360482
ARC,0.087230736
FHL5,0.311815733
GOLGA4,0.217394419
ERN1,0.351695286
GOLGA5,0.31414592
BSPRY,0.149367997
PCBD1,0.256593653
TAL1,0.512431943
ACACB,0.128741346
CARHSP1,0.224653775
PLA2G2A,0.296030468
APPL1,0.394298139
APPL2,0.244411088
UCHL5,0.33669277
ATRX,0.531784066
PAWR,0.411137381
RAD51C,0.100648938
GTF3A,0.252259449
AGRN,0.126289592
PYGL,0.461080001
ATL2,0.351556753
CKMT1A,0.153818262
PRSS2,0.282822066
APLP2,0.422294522
PPIG,0.254677401
PPIF,0.126807444
PPID,0.250388099
PPIC,0.235741441
SIGMAR1,0.195375139
PPIA,0.455734082
GPSM1,0.294942973
RNASE1,0.843121489
SPDEF,0.17198925
SNTB2,0.430202929
CYFIP2,0.40488539
DIP2A,0.155360396
CRNKL1,0.102140864
AIMP1,0.216810253
MPRIP,0.241554063
CORO1A,0.185277786
MDH2,0.80648789
ADPGK,0.109518526
PRSS8,0.130179658
TRIM24,0.992048044
DDX3X,0.221520681
DCLRE1C,0.310476798
YES1,0.931001673
MID1,0.553406008
KRT17,0.221025544
ARL6,0.555375339
WASF1,0.693860884
WASF2,0.693720679
WASF3,0.185462021
MEGF6,0.167321407
FAP,0.230179348
NPAS2,0.299081804
MLLT3,0.343190786
ZCCHC8,0.082293326
COPG2,0.224518666
HNRNPA2B1,0.280665935
SYNJ2,0.171659508
ZYX,0.738440814
ANPEP,0.289616849
ZNHIT3,0.153476609
ACAD8,0.372191064
ZNHIT6,0.104664718
SPOP,0.437693185
ZNF365,0.088047023
TNFRSF10B,0.335297948
OSR1,0.128326704
SLAMF6,0.208722638
RRP12,0.10756912
TP53BP2,0.717755216
CLIC4,0.19511972
NDUFA4L2,0.320881983
TRIP12,0.181124097
UPP1,0.118233305
CAPG,0.459758004
CASP1,1.393210908
CRIP1,0.220213609
CASP8,2.221222094
SLC9A1,0.342352884
NKIRAS1,0.283742256
CFDP1,0.169819826
CBS,0.210227731
PPP1R2,0.403244247
BCL6,0.855669351
PICALM,0.286086997
BCL2,2.102131667
MAN2B1,0.139280277
PLK1,1.252355631
CCNC,0.173394978
PLK3,0.356942136
PLK4,0.278220073
GLRX3,0.430849809
GLG1,0.169294403
AKT2,0.57668526
AKT3,0.20629191
RAB11FIP2,0.45188412
RIBC2,0.424304547
CCK,0.152496087
S100A10,0.251695444
NKX2-1,0.456676862
S100A14,0.591840816
VSNL1,0.105352818
MRC1,0.147378995
CHML,0.178873203
AHCYL1,0.126662668
GRK5,0.392137763
ANAPC10,0.35961638
TDP1,0.170455461
SNRNP40,0.230609619
CYTH3,0.50961637
FLII,0.417292599
FAM193B,0.179567889
CAPN1,1.619689721
TLE2,0.280352482
PIP,0.133450189
RPE,0.432568623
PIR,0.216952861
MYB,0.691586439
NECAB3,0.153410038
RALGAPA1,0.096346879
RALGAPA2,0.442952145
ENTPD6,0.128696148
ENTPD5,0.173087751
ENTPD1,0.1252681
SPAG9,0.386958799
SPAG6,0.309178701
SMS,0.128664254
SPAG4,0.301004367
SPAG5,0.13322209
FLI1,0.281904998
OASL,0.101152465
SPAG1,0.090718898
SNAPC3,0.154050751
YWHAB,4.511215268
SNAPC1,0.161068662
LITAF,0.269463985
KLHL2,0.136550047
KLHL3,0.209902037
KLHL8,0.181968324
KCNMB1,0.166723284
NFAT5,0.368957154
ARID3A,0.333244731
PCGF2,0.171545595
CSPG4,0.332424979
CX3CR1,0.308436427
TAF12,0.293769231
HYAL2,0.120064479
TNFRSF10A,0.461703657
GSK3B,2.900532666
UBD,0.245713543
BHLHE40,0.520825858
FCER1A,0.260933227
STC2,0.361255396
KDELR1,0.175716713
ELP3,0.155862602
CFTR,1.122474705
GADD45B,0.471337646
H2AFX,0.403679012
METAP2,0.358992114
FBXL4,0.107340389
PLXNA1,0.426998077
ST14,0.382886216
ST13,0.330614879
SNAP23,1.132871971
PNMA1,0.468989395
VASN,0.207352526
KLHDC2,0.14502355
PTGFRN,0.119645328
MLLT6,0.185498829
KBTBD7,0.115879188
NIPSNAP3A,0.326089821
PLXNB1,0.507738485
PLEKHB2,0.18488392
TLR3,0.205494672
CARM1,0.517449271
ASXL2,0.10621885
TNXB,0.188536902
DDX6,0.101537455
ZBTB38,0.151486099
GUCY1A3,0.200173261
GUCY1A2,0.245117117
PCBP2,0.626311396
POLI,0.305612003
NMT2,0.12791832
PCBP1,0.57184994
TMEM9B,0.134480117
PTMS,0.094280716
CDC7,0.478796969
LZTS1,0.073352936
FAM189A2,0.17676891
ODF2,0.10108189
SIRT1,0.527711531
NBR1,0.323909839
RASL11B,0.100553051
NCOA3,1.409366886
EFEMP1,0.311740178
FCGR2B,0.307356086
MED30,0.199487981
EFEMP2,1.176391257
SGTB,0.240366687
GLRB,0.082117398
ETV4,0.087615143
PAK1IP1,0.144490519
AKR7A2,0.340330549
NELL1,0.082399432
NELL2,0.102130283
CDC42EP4,0.280171305
PLEK,0.302134684
KIF3A,0.204111769
PEX1,0.109099142
HADH,0.481107994
PEX3,0.153192224
PEX2,0.262303179
PEX7,0.129367996
PEX6,0.228114986
SPOCK1,0.145617904
SPOCK2,0.133744782
SCTR,0.25162335
WNT5B,0.099992091
WNT5A,0.300450552
REV1,0.310483365
HIST3H2A,0.147757035
GAS6,0.194678348
NCF2,0.555351618
NCF1,1.222195572
CLDN11,0.206652715
RFWD2,0.251751854
ACE,0.236403513
NCF4,0.448233785
TNIK,0.233551132
EPHA4,0.681799712
EPHA3,0.499279499
EPHA2,0.846013187
NCAPG2,0.076463504
HNRNPH1,0.430566469
ME2,0.488337786
HFE,0.16997778
GNAI3,0.945103294
GNAI1,1.296857389
TBC1D8,0.114234754
MST1R,0.704027301
STRA13,0.17169096
PHYH,0.450109667
TBK1,0.809384116
MPZL1,0.115460992
SERPING1,0.484661215
TBC1D1,0.100508541
APOBEC3G,0.251085235
TBC1D5,0.241147687
FGF18,0.226930705
KDM6A,0.163271307
ZWINT,0.130753378
FGF13,0.355621501
CITED2,0.227418915
CITED1,0.222125434
AGTRAP,0.351838929
TBXA2R,0.429554944
MCFD2,0.196501779
PFDN4,0.175719811
TFPI,0.434476637
COL9A2,0.102884785
VAMP3,0.336091271
STX11,0.536479367
UNC13D,0.222987252
UNC13B,0.265104874
VCAM1,0.413749829
DTNA,0.466497308
SYNE1,0.251322225
MNAT1,0.410880768
GOPC,0.710779597
HNRNPUL1,0.314357497
SEMA3A,0.087037104
DEGS1,0.122302442
TPSB2,0.613891987
SEMA3F,0.222254534
PXMP4,0.155900801
PAIP2,0.198500527
RIN3,0.181853149
RIN2,0.378533354
MET,1.244530556
ADA,0.204202968
RNF144B,0.184034851
EMP3,0.222851714
RNF144A,0.107583647
UCHL1,0.315128648
PILRA,0.10049174
DCP1B,0.229849397
C10orf10,0.367418191
RPS11,0.099737286
ABI1,0.877297302
OLFML3,0.264071984
DNM3,0.087002655
GABARAPL1,0.204785032
ARL1,0.373909834
ROCK2,0.171848902
BCL11A,0.138994326
BCL11B,0.183277867
DCAF12,0.160289043
RIPK2,0.783370744
RRM2,0.337900379
RRM1,0.292719286
PSENEN,0.251497171
RP9,0.118987347
MEOX2,0.136835539
CSTF2,0.493550989
LAMA5,0.566264737
BOC,0.152366471
TXN,0.376028426
UBASH3B,0.110446567
GRHL1,0.317971771
CRABP2,0.195070601
UBQLN2,0.380281687
SLC9A3R2,0.86106634
BLZF1,0.171569389
UBQLN1,1.686308546
SVEP1,0.278775721
UBQLN4,6.053551635
DPEP1,0.259023932
OSMR,0.241875409
UBE2G2,0.190830696
UBE2G1,0.205304131
TF,0.592791639
SLC35E1,0.216775248
CACNA1D,0.132365443
DAPK2,0.178514621
DAPK1,0.571820886
ULK2,0.19432276
NR3C2,0.417746645
NR3C1,2.82207002
TFAM,0.225983708
KCNJ15,0.123433276
RRAGB,0.148943869
SYNJ1,0.496883574
IL18R1,0.205046646
MAN1C1,0.120976765
GGT7,0.366358498
TNC,0.27768767
CALCA,0.304943133
RASA1,2.114173559
ACTN1,1.810938455
PTPRS,0.567615687
SLC40A1,0.378656874
C1QTNF1,0.121357199
EZR,1.849042548
C1QTNF5,0.508120601
PTPRF,0.866182616
PTPRE,0.337659313
PTPRD,0.356524239
G3BP1,0.232373216
PTPRB,0.43370672
TREM1,0.293820776
UBE3C,0.30208299
GORAB,0.124626804
MYOZ3,0.166312449
PTPRM,0.475869018
HES1,0.850840094
MYO7A,0.335158381
TUBA1A,0.732514526
SLC6A3,0.222078778
TAL2,0.125601439
CPM,0.295387615
ITGB4,0.709485848
STK10,0.417354444
CPE,0.301891816
IFNAR2,0.417836835
FKBP5,0.230098239
MFAP5,0.219276497
IFNAR1,0.466562685
GPM6A,0.098168306
MFAP2,0.292023278
FKBP2,0.349029148
FKBP3,0.219722538
FKBP8,0.246305731
TGFA,0.551210982
GAPVD1,0.128387872
TYROBP,0.631494366
SLC6A4,0.202349905
CDC42SE2,0.11736282
BMP1,0.773796972
APBB2,0.265384624
CDC42SE1,0.171688469
ATPIF1,0.209474674
PHIP,0.117428592
DMPK,0.533679265
LIME1,0.159431198
IRAK2,0.541568786
IRAK3,0.198121234
BANK1,0.210488511
IRAK1,1.301584796
LSP1,0.187034692
BFAR,0.165489534
WDR6,0.265206043
SYMPK,0.154194606
DIAPH2,0.120000632
DIAPH3,0.103377052
WIPI1,0.211676265
APRT,0.511785165
ABLIM1,0.391113021
SMARCD1,0.467074157
GATA6,0.308875572
GYPC,0.220594331
GATA2,0.495754079
GATA3,0.383551096
FBXW11,0.206992308
LMTK2,0.111975138
POU2AF1,0.250577006
CCND1,1.209843258
GRB10,0.700281784
CCND3,0.798302785
RAB33B,0.300047385
UBXN4,0.155572495
SNAP29,0.828358757
ATF7IP2,0.094680662
USP4,0.217713343
CDKN3,0.199101453
PRR14,0.09178691
LAT,0.7078295
IPCEF1,0.088795043
CSRP2,0.166407795
LMO2,0.832837196
HHIP,0.155768932
TNFSF13,0.318570403
OS9,0.280475108
LMO3,0.455032073
ATP6V1A,0.326091711
TNFSF15,0.140860422
ACVR1B,0.501537824
LMO4,0.693779309
MX2,0.496173171
MX1,0.358850679
NACA,0.13642831
RAD1,0.342281168
GABBR1,0.145936428
IFIT3,0.903070542
SERPINE1,0.550558584
IFIT1,0.333094944
ZG16B,0.102702677
ARNTL,0.651811631
RYR1,0.340200509
BNC2,0.084791913
KIF2A,0.112236017
SOX13,0.177953891
KCNMA1,0.282894833
MRFAP1L1,0.192799325
CCT5,0.217032848
EPPK1,0.094102408
EGLN1,0.264104899
ISG15,0.20810397
KIF2C,0.271705086
MAP1LC3B,0.348593947
PIM2,0.221974391
HOXA5,0.284581641
TACC1,0.32832037
PDLIM4,0.273414516
PDLIM5,0.237143814
FAM118B,0.126584769
PDLIM1,0.458484202
PDLIM3,0.13946566
BRCC3,0.104514217
MME,0.366532616
NFASC,0.189535523
RAP1GDS1,0.453414003
GDI2,0.399228531
RPRD2,0.148450874
ARNT2,0.146258212
ARL5B,0.11374976
TNK2,0.55742904
ZDHHC3,0.21636605
ZDHHC4,0.116449242
BTG2,0.423292662
PSAP,0.681880617
CBL,2.869184115
TMPRSS2,0.560783615
FMNL2,0.128883821
KRT15,1.339929548
GPX2,0.286799336
PRDM1,0.32320618
GPX7,0.107943506
FLNA,1.932714814
FLNB,0.47036095
COTL1,0.263572416
IL15RA,0.270218691
ANKRA2,0.149680027
HES6,0.176335512
CRIP2,0.28427409
NPDC1,0.407690302
CAPNS1,0.462673102
KLHL20,0.312621114
MAFF,0.42044996
MAGED1,0.514770605
RCAN1,0.231009114
PAG1,0.582227536
TLE1,1.857544858
RCAN2,0.127773432
NBPF3,0.189042406
TMPRSS3,0.138232813
TLE4,0.221661744
TNFRSF10C,0.282894808
SLC4A4,0.33714898
XIAP,0.704970151
PRKCSH,0.313020175
NR4A2,0.193650125
TAF15,0.269493989
TNFRSF10D,0.284355336
FH,0.168643558
PLP2,0.287200067
POLK,0.114980706
SLC4A8,0.202504684
DCTN4,0.383842621
TNFSF13B,0.294627488
MDK,0.650356036
GNE,0.161922641
ASPA,0.218166734
HIC2,0.14322113
CFI,0.220170831
CCNDBP1,0.125125813
CIITA,0.295120242
KNTC1,0.285890434
RAD51AP1,0.079822514
RBM17,0.117850801
TM9SF2,0.265135258
PARVB,0.10064261
SIT1,0.263130304
PARVA,0.154943359
GGH,0.344709042
STXBP1,0.578333149
MVP,0.219311813
BEND7,0.109765018
LAMA2,0.114765099
LAMA3,0.384901955
LAMA4,0.445228887
SRPX2,0.165407827
PLAC8,0.146315603
CLINT1,0.269427348
CHRDL1,0.129254739
RXRA,2.042703013
RXRB,0.87240485
PLEKHA1,0.191218202
IL12RB1,0.094803479
UBE2V2,0.250264579
YAP1,0.587082229
TAF1C,0.278484534
TAF1B,0.362721119
F3,0.122310913
F5,0.436965339
TRIOBP,0.10307734
TAF1D,0.141045478
F8,0.742990547
SUCLA2,0.382646133
C1GALT1C1,0.506601432
SSTR1,0.079241741
CDC27,0.573697241
ABCA1,1.656710024
MAPRE2,0.352517813
TUBGCP4,0.559673514
SDC2,0.804137021
BTG1,0.365082438
TNFAIP6,0.110644488
MT2A,0.360333322
KLRD1,0.22572392
COX5B,0.085096085
PSMD4,0.628451346
FLAD1,0.275584731
PSMD1,0.160316381
SPARCL1,0.230793157
CTNNB1,4.010371736
MITF,0.740731024
KIAA2026,0.096478861
SGMS1,0.130838365
MYOC,1.487453121
CPSF6,0.521196196
PRC1,0.22622308
CDC20,0.727813897
ZNF10,0.128316835
CPSF2,0.10775335
QKI,0.751762307
PPFIA1,0.757984364
MAD1L1,0.794396449
TM4SF1,0.363720332
SELPLG,0.568571608
RAE1,0.183494091
CLCN3,0.250284343
CHMP5,0.733089068
TOX4,0.166605176
STXBP5,0.136977901
PRMT3,0.109548372
CNOT3,0.347781079
RYBP,0.413362969
POLR2D,0.505391802
GLIPR2,0.128210579
PDZD2,0.214951731
ITGB1,2.782560252
SERTAD1,0.173912056
SPON1,0.132282173
LTBP4,0.170258416
ITGB5,0.754638989
BANP,0.19750911
ARIH1,0.235372772
SEC23B,0.190506572
PRMT6,0.090307083
AEBP1,0.138672503
RTN1,0.305596134
RRN3,0.388664203
IGHD,0.65113127
CREB1,1.072990262
IPO7,0.214927264
HGF,0.609830869
ST6GALNAC6,0.118922482
LCP1,0.619456913
PRMT5,0.544412097
ST6GALNAC2,0.095674533
EFNB2,0.611699308
BACE1,1.012372614
BACE2,0.213926741
PARD3,0.901096725
NCK1,1.981345863
ARIH2,0.903518533
DDX11,0.109580885
DKK2,0.107684064
MYO6,0.175539345
DKK1,0.342181485
ZNF398,0.084992588
KIF13A,0.177359761
CMTM8,0.109828617
NR2C1,0.263361917
MBD1,0.682426034
CMTM3,0.194325994
EFNB3,0.17546679
CDK10,0.096773053
MLPH,0.30106238
CDK12,0.257228796
RPL35A,0.102100236
IL1RL1,0.394983305
ZFPM2,0.2929191
ZFPM1,0.154295967
UPRT,0.393342058
HPS5,0.118831605
PKP4,0.343096933
PKP3,0.417454537
DDX18,0.128865936
PKP1,0.182529414
PATZ1,0.278508984
EHD3,0.174537903
NUDT21,0.37501758
ROS1,0.128483159
LBP,0.390709236
USP33,0.246760896
PEBP4,0.117344232
HIC1,0.215174204
ACAA2,0.21775347
NFE2L3,0.117232219
NFE2L2,0.66206759
SECISBP2,0.130655969
PTAFR,0.166760666
FGR,0.58015416
PRNP,1.033658377
CCDC14,0.128519428
EAF1,0.447621097
EAF2,0.207761838
NEO1,0.161786468
LAD1,0.105190819
CCL22,0.236161078
FOXF2,0.106282385
SLC12A2,0.224673625
FGG,0.362797962
SPIN1,0.100656332
FGA,0.450610562
IMP3,0.139724047
MRVI1,0.168211471
TEP1,0.190327578
IGFBP5,0.527006848
EXT1,0.161095358
SNCA,1.029694403
ATP1B1,0.417722854
SCAND1,0.267780694
RBBP8,0.714438095
TNFRSF25,0.279626034
LY96,0.181615728
ISYNA1,0.098201349
STK17B,0.375028993
CNOT1,0.323164469
STK17A,0.542291236
HPSE,0.314258161
SYNCRIP,0.607833314
STOM,0.485086485
CNOT7,0.53519433
TSEN15,0.206995036
C1QC,0.374984465
C1QB,0.435909036
C1QA,0.847909484
VIM,3.381508919
GNG2,0.476980651
KLF9,0.118069484
YEATS4,0.313621585
MMAA,0.231185133
ALDH5A1,0.276925556
LEPROTL1,0.395101292
ELMO1,0.096353787
ACVR1C,0.08025557
YIPF6,0.400615771
SNX3,0.28783118
SNX2,0.523182414
SNX1,0.520615704
ALG9,0.087096025
CYB5R3,0.470798359
CYB5R2,0.165516613
SNX5,0.232265517
SNX4,0.305278249
TM2D1,0.119973983
SPTAN1,0.855678913
SNX9,0.417671008
TSN,0.117441481
TCF7L1,0.100516296
IKZF5,0.327616687
ITGB2,1.402971397
PPFIBP2,0.153689736
CYR61,0.216260444
KIF22,0.156470894
SHPRH,0.335301302
ARL4C,0.141086296
ARL4A,0.131819285
CDCP1,0.164946673
JKAMP,0.093376797
ADORA2B,0.268548092
IDE,0.237431159
LTBP1,0.451171903
PGGT1B,0.341065403
CCNE2,0.159918074
KHSRP,0.265891058
TIMELESS,0.26228523
MKL1,0.312402173
MKL2,0.265099574
RAB11A,0.907897251
DERL1,0.121986211
ITPKB,0.200211869
ITGB8,0.163020972
CRIPT,0.277797475
CLDN1,0.599849502
CLDN2,0.095219219
CLDN3,0.264406642
CLDN4,0.16981265
CLDN5,0.348353896
PDE5A,0.120905852
CLDN7,0.327569549
TNPO2,0.179348885
JAM2,0.200802625
TNPO3,0.198626891
GUCY1B3,0.307633944
MRAS,0.50317735
MLLT10,0.33133425
DAP3,0.334372032
DLAT,0.500663943
TRDMT1,0.204960967
SMYD2,0.072325334
SMYD3,0.2297761
EIF4E,0.600640522
ZWILCH,0.298822463
GALNT6,0.110069778
FBN1,0.648278217
GALNT1,0.178596983
BCAR3,0.093823885
EIF4B,0.334131593
SERPIND1,0.145970229
SEMA3C,0.181241286
IRF1,0.331979948
CNKSR3,0.108304274
HSPBAP1,0.108392123
IRF5,0.18879609
IRF4,0.364800906
HAT1,0.127770251
IRF8,0.309475429
TUBB,1.482523306
SGCG,0.420063638
MAOA,0.278720343
CASP6,1.234475871
PEX11A,0.138014602
CLK1,0.628408958
SNX20,0.111090043
CLK4,0.228439471
SNX24,0.115872822
HDAC1,3.687422519
MUT,0.440516549
PIWIL4,0.144913712
HDAC4,1.107751513
CD72,0.168426192
CLOCK,0.247557409
HDAC9,0.563792395
RFC4,0.472542689
MIA,0.088232083
IFT57,0.256624178
DOCK8,0.25513545
RFC3,0.145576131
SLC4A2,0.135874617
SH3BP5,0.270053408
FABP4,0.263195548
IGLC1,0.26123589
FANCD2,0.487428518
LCP2,0.894741075
CBX7,0.472850757
PANX1,0.194989364
CBX5,0.677163888
CBX4,0.397721451
CBX3,0.452294896
CBX2,0.092905983
MXD1,0.495581143
AKR1C3,0.228423307
P2RY1,0.129977094
NLRP1,0.376546233
ZBTB16,2.75629765
SNCAIP,0.38997894
NLRP2,0.097332522
PSEN1,1.832915653
CDT1,0.428423838
C1QBP,0.707385063
IGHM,0.56131281
PPP1R9A,0.325390079
CASP4,0.525746568
TNFSF9,0.123635309
ADAP2,0.430465684
PTPRC,1.528263127
CST3,0.515868147
SRP72,0.189485974
LYST,0.540470703
RAB14,0.193007607
RAB17,0.339589464
ASL,0.466102454
POLR2K,0.457225293
ACVR2A,0.431785095
KLHL12,0.823681455
GRIA1,0.682142986
URB2,0.149870734
ASCL2,0.130787611
CKS2,0.285708005
GKN2,0.138373394
CSTA,0.628932627
DAB2IP,0.102870478
COL5A2,0.149345544
COL5A3,0.168923093
COL5A1,0.451004815
LAMP2,0.292220014
LAMP1,0.132272304
S100A16,0.606476593
EP300,6.949871298
DUSP7,0.175045214
CD101,0.139391174
MAPK9,1.33538341
ITK,0.762085151
KIF1B,0.367917966
KIF1C,0.327252811
HNRNPD,0.827921238
CSF1R,0.627085902
ALDH2,0.339435511
CEP57,0.115472943
ZFP36,0.582960818
RAD51,0.886854352
RAD50,0.282586452
CC2D1A,0.124027041
AMIGO2,0.573396271
NEU1,0.265390369
ARHGAP9,0.179174287
NPTX1,0.559777765
USP1,0.099073342
USP2,0.34555178
ERCC4,0.226903523
USP5,0.101938967
DKK3,0.159318521
CD244,0.202705627
CD247,1.032912178
MRPS12,0.121114364
ARHGAP5,0.376928633
TNFAIP1,0.242999014
LYL1,0.150685593
IER3,0.186880182
HIP1,0.731300972
SOX7,0.166857973
SOX4,0.143756491
SOX5,0.274497611
CEBPB,1.678396685
CEBPA,0.898407714
CEBPG,0.398517199
BIK,0.291256733
MZF1,0.266243105
GABARAPL2,0.717040272
RAD54L,0.077583558
XRCC5,0.848333658
BID,0.763799149
KIF13B,0.112220855
PDLIM7,0.714001863
ACADM,0.53218293
FASTK,0.326204016
DVL3,0.783816048
ABCB1,0.075105743
ITLN1,0.183422935
MED14,0.382107055
TNNI3,0.471345279
MED17,0.301433233
GIN1,0.103236733
KCND3,0.212621958
CCHCR1,0.160915108
ZC3H7B,0.097414745
ZC3H7A,0.10761648
LSM4,0.454044849
LSM5,0.294938757
MFSD3,0.095523396
PSME3,0.647816909
LSM2,0.514091367
CYBB,0.382295785
SLN,0.103219091
CYBA,0.433003783
TNFRSF11A,0.365191492
SNTB1,0.347156924
UTRN,0.561754586
CTNNA1,0.7643893
DHCR24,0.150883893
NOTCH4,0.437993019
MEAF6,0.214282642
NOTCH1,1.46611534
NOTCH2,0.654511157
NOTCH3,0.434404835
SSR1,0.183688559
TNFRSF12A,0.257140882
SSR3,0.594418199
SSR4,0.622186038
NCDN,0.114281525
ZNF655,0.227551651
TBC1D4,0.59995868
ZNF397,0.344469382
DDC,0.073379846
TGIF1,0.602986989
ZNF652,0.184742043
LIN7A,0.321460876
TNFSF10,0.478994094
PMAIP1,0.38531864
CRLF1,0.233186169
NISCH,0.175232949
PRPF4B,0.245502006
LIF,0.152255464
BGN,0.71544834
USP40,0.109573361
RAPGEF5,0.294783103
RAPGEF6,0.330245918
FRYL,0.164941398
SLC30A9,0.119346557
RAPGEF1,0.390255174
RAPGEF2,0.283870014
RAPGEF3,0.134867267
MYL9,0.186277962
ELAVL1,0.525798352
SNRNP200,0.161661931
PLA2G4C,0.361723763
C1RL,0.154715394
SELENBP1,0.211175288
GADD45A,0.465481841
MPP1,0.352400138
EML1,0.385917014
RORC,0.144648552
RORA,0.500673109
GADD45G,0.775140546
INHBA,0.653788513
INHBB,0.418395713
INHBC,0.285847804
MAGI3,0.530814691
MAGI2,0.536756956
MAGI1,0.889631562
HLA-DQB1,0.254281718
PPP3R1,0.242059047
SYT17,0.159216235
HLA-DPB1,0.358936904
RALGAPB,0.440194135
NGEF,0.137652105
GPI,0.303956007
CCL11,0.204405556
RRAS2,0.97486519
PLCB1,0.469028142
JMJD1C,0.20081246
NAIP,0.129635229
RNF138,0.139718209
CCL13,0.214787122
GUSB,0.636017387
NUPL2,0.244413209
DICER1,0.273876879
MDM2,1.602826329
MDM4,0.788794138
MAN1A2,0.105105764
PLA2G4A,0.463795302
LRRC41,0.239011722
ATIC,0.545472822
CNN1,0.242607245
CNN3,0.25715628
NR1D2,0.247951887
RAB18,0.20746426
SFI1,0.278397215
MYLK,0.370742865
KIT,1.890442998
FOXA1,0.07700114
KPNA6,0.29498185
KPNA5,0.110506867
KPNA4,0.193140005
KPNA3,0.287573489
KPNA2,1.318294261
KPNA1,0.512109033
NCAPH,0.426214022
MESDC1,0.165086313
MYO5B,0.448146859
MYO5A,0.393443353
SYNM,0.241054691
ISG20L2,0.386954766
GSPT2,0.212508861
SLC22A5,0.137994592
GORASP2,1.030382737
PPRC1,0.406289549
GSPT1,0.55670041
FRS2,0.653919232
TNFRSF17,0.279880818
ITGA10,0.088458076
ITGA11,0.096008025
GLUD1,0.404564618
FAM13C,0.101216645
EIF5B,0.213605403
TNFRSF18,0.12794252
TNFRSF19,0.198098757
SUMF2,0.122423035
STK35,0.384059304
MAML2,0.269629229
U2AF2,0.901366972
NCALD,0.234821121
NONO,0.568413252
GLDC,0.190319782
PC,0.335947155
MALL,0.195650328
NUDT14,0.104323042
ACE2,0.085416632
TRPM4,0.319563258
SPG20,0.169791486
TRPM7,0.257316406
NINL,1.014125818
PGK1,0.168481567
FCN3,0.507067103
BATF3,0.139519838
FCN1,0.240766519
EHBP1,0.229703238
GBP3,0.138269053
GBP2,0.562193559
GBP1,0.268150353
LLPH,0.211999472
MAL2,0.249770415
MAN2A2,0.148493472
TRRAP,0.358677766
METTL1,0.319184326
MMP7,0.559136455
HERC5,0.225798492
HERC4,0.317988213
HERC6,0.338873946
CORO2B,0.177041031
CORO2A,0.170391556
ARHGEF3,0.199880308
CCDC134,0.09730642
CR1,0.299045045
TNFRSF1B,0.476350566
B3GNT2,0.506801854
LGMN,0.655947107
NOS3,0.50695753
PRTFDC1,0.303141474
NYNRIN,0.139814665
RPAP3,0.104103092
YLPM1,0.166185652
ERCC1,0.117395999
RAN,1.434132456
ALS2CL,0.111170731
POLE4,0.283660613
POLE3,0.37472029
STRN,0.375169859
STK36,0.223256024
FNDC5,0.132475412
STK38,0.257463616
AGTR2,0.443798202
AGTR1,0.728519021
TFDP2,0.206719261
TFDP1,0.322674318
SYN1,0.501790382
CD53,0.245739873
MKNK2,0.341471378
MKNK1,0.405035842
HOOK1,0.375792698
CD4,1.474899785
CD5,0.910912017
CD6,0.197589821
CD7,0.268288714
FPR2,0.189025186
CCR5,1.55453993
CD2,0.75570984
CCR7,0.186988178
PSTPIP2,0.156271106
PSTPIP1,0.342799323
TP53RK,0.286622686
RAF1,3.015981032
CD9,0.963433219
BCAS1,0.218057241
STAT6,0.552459142
APH1A,0.252024234
STAT4,0.429765569
STAT3,3.23502063
STAT2,0.511582187
STAT1,2.62286081
ADIPOR1,0.152214589
HPRT1,0.292683355
ALPL,0.150089993
CD84,0.194598015
CD86,0.439138177
HBEGF,0.513547751
ICAM4,0.296540876
FOSL1,0.240296725
MARK1,0.286594899
MARK2,0.283511302
FOSL2,0.209765292
SLC8A1,0.137524598
FERMT1,0.105497892
LOXL4,0.118301499
ZNF521,0.190012606
DPM1,0.309118715
ZBED1,0.394788016
CKB,0.260191025
MTMR9,0.342844531
SPCS2,0.53618167
DOT1L,0.110437579
EFNA5,0.227528173
EFNA4,0.178799822
HMMR,0.232512908
EFNA1,0.327110279
RAB1A,0.954600788
PRMT2,0.376825352
ANG,0.22914288
HTATSF1,0.3097398
TPD52L1,0.583591625
OCLN,0.729794062
AKR1B1,0.136579659
RWDD3,0.104855438
LRP2,1.23249912
GALNT14,0.260533472
LRP1,1.913461425
LRP6,0.715693782
CDA,0.222254217
SGK1,0.684934453
LRP5,0.241631216
PLXNA2,0.54002296
LRP8,0.312978231
ESR1,5.596829035
SSH2,0.132248738
WDR12,0.112020058
ZZEF1,0.177412484
HLA-DOA,0.209210777
HLA-DOB,0.178684733
MMP25,0.204846023
PDE4A,0.126242554
GABPA,0.179576608
RHEB,0.249792363
PDE4D,0.506217116
DCK,0.170244369
PF4,0.471988523
MAP4K1,0.581963296
AOX1,0.115072583
PPP2R1B,1.204033335
MAP4K5,0.229323836
CREG1,0.247779424
ANTXR2,0.325570527
LIMK2,0.469812242
KIRREL,0.188668001
SPATA20,0.142799906
TNNT1,0.853821425
S100P,0.449367792
CYCS,0.791316157
PTPRO,0.212047473
MAP2,0.516326055
MAP2K2,0.354893878
MAP2K1,1.198233935
CDKN2A,1.470971948
GPD1,0.098710028
WASL,1.002161526
MAP4,0.412842319
MAP2K4,0.803783157
TEAD3,0.21097801
BCL9L,0.099153248
TEAD1,0.396848348
CNBP,0.125031174
TLE3,0.117074924
DUSP10,0.135435132
S100B,0.885596368
PTPN22,0.308813141
MINK1,0.525551182
PTPN21,0.202623939
PLEKHF1,0.111609141
RAP1GAP,0.297800769
HHEX,0.369993859
PLEKHF2,0.749974379
GPSM3,0.223781971
CGGBP1,0.154113363
SON,0.248637564
NIPBL,0.190517699
GAK,0.389995022
SERPINI1,0.102890965
PLN,0.338783554
MBP,1.475663106
NET1,0.132032317
HSPB6,0.110105298
HSPB7,0.104593826
KIAA0368,0.094841607
HSPB2,0.299743147
HSPB3,0.501622292
NRGN,0.210034463
COL18A1,0.389637886
PKN2,0.253343749
TFCP2L1,0.371997663
HSPB8,0.543954054
CLEC11A,0.125567795
CDKN2C,0.290932118
RAB11B,0.27666085
DYNC1H1,0.13664146
ALDOA,0.552321568
LPP,0.400145302
INO80C,0.124441889
CAND2,0.241127512
IKZF2,0.229273055
IMPA1,0.516750234
RAB30,0.088121204
PIM1,0.433242647
EBPL,0.660967325
TIA1,0.166376653
FAM84B,0.129405225
C5orf22,0.078067482
NFAM1,0.123457317
LPL,0.523008573
TOM1L2,0.167088487
TOM1L1,0.952964547
CMPK1,0.151333944
CFHR1,0.236720824
HLA-DQA1,0.213354545
CKAP4,0.193134893
CKAP5,0.271616498
BCL2L1,1.671916941
GSS,0.440658691
BCL2L2,0.256445092
TMOD1,0.105814985
PHGDH,0.132389135
KCNE4,0.087705049
LAT2,0.276878934
PNMA6A,0.084668314
RASIP1,0.297380657
BDNF,0.480070731
RAB38,0.324914529
PBXIP1,0.23099429
UGP2,0.370027716
GSN,0.720265098
SPINT2,0.3078171
CAPN3,0.26975568
SPINT1,0.269969984
GLI3,0.336723195
ITSN1,0.78880399
SMUG1,0.165889638
AVIL,0.08406318
PRAF2,0.291170278
HTATIP2,0.129120164
NAV1,0.176577103
GOLGA2,0.759763009
CSNK1E,0.785103742
SFTPA2,0.337969175
MYCBP2,0.168785857
BDP1,0.207929658
EDN1,0.389514331
PTBP2,0.236213491
IREB2,0.11897132
SLCO3A1,0.149719037
FNTA,0.630301184
SCAMP1,0.389806046
HK2,0.320037313
HK3,0.376191181
TSPAN3,0.236003207
BCHE,0.334590214
TSPAN1,0.122709398
TSPAN7,0.530531415
TSPAN4,0.443267875
CCDC85B,3.176456315
ATP2B1,0.15364555
GIPC2,0.199773338
NXN,0.146095363
CXCL5,0.20433806
ATP2B4,0.286894917
CSNK2A1,5.426388427
KCTD13,0.242512245
SCOC,0.253979667
KCTD15,0.226934285
CSPG5,0.084012526
AKTIP,0.572663538
CRYAB,0.431742933
HBG2,0.451975522
TFPI2,0.210570343
CD2AP,0.584104863
RABGAP1,0.135696162
CXCL3,0.149029176
L3MBTL2,0.28588359
GFRA1,0.099922645
XRN1,1.231750029
XRN2,0.487678382
ARID1B,0.283803849
PLCE1,0.133862733
KDM5A,0.281709893
GAA,0.119833332
FBXO5,0.151884071
BATF,0.330721245
FBXO6,0.138195293
RASD1,0.302934856
COL8A2,0.115760354
GLIS2,0.11237912
MACF1,0.537250531
LRPPRC,0.378624065
COL8A1,0.470388476
GLUL,0.282493637
SLC25A36,0.130528128
DNM1,0.971710953
UBE2L3,0.738095628
DCP1A,0.170329632
DNM2,0.650839683
EED,0.515140848
EGR1,0.702302079
MAPKAPK3,0.246080744
MAPKAPK2,1.014477255
GOLM1,0.966107029
PDHX,0.461455152
PREX2,0.08070439
TRAP1,0.374523549
FAM175A,0.081807757
FAM175B,0.099758153
THBS2,0.343377342
THBS3,0.224348988
TRIB2,0.135329155
THBS1,1.693528866
RND2,0.243617462
PIK3R5,0.10333481
PIK3R4,0.239968417
OSM,0.431695555
PIK3R2,1.146707209
PIK3R1,3.813127292
SAMD3,0.085604179
DBF4,0.256591205
PDHB,0.285389744
SAMD8,0.099869991
PTPRN2,0.194425738
LNX2,0.131851956
LNX1,1.720402163
STAG2,0.21257441
STAG1,0.31630761
PKIA,0.347932908
DSTN,0.173394888
OPTN,0.467210432
HEXIM1,0.237819204
STK24,0.206977828
CETP,0.265251651
EVPL,0.320744485
STT3A,0.397704975
SCGB1A1,0.196980966
RFXAP,0.086710572
CTPS2,0.207392884
ETV1,0.314571499
TAF5,0.212175869
YIPF2,0.407201968
ETV5,0.117983458
XAF1,0.132841252
AKR7A3,0.604416739
ETV6,0.427444643
AP1G1,0.642805216
AP1G2,0.357183749
G6PD,0.432913633
HMOX1,0.433040122
ARHGAP24,0.164944823
NAV2,0.210545654
UBN1,0.113640983
TLR1,0.492079898
CRLS1,0.166481203
AIF1,0.228490585
BTBD2,0.653357757
RAD23B,0.32766507
EHD2,0.391405779
EHD1,0.340588825
RAD23A,0.458058405
FOSB,0.175706502
NDEL1,0.319845842
WIZ,0.097400552
CCNG1,0.377109735
CCNG2,0.114094689
ABL1,3.377438543
IKZF4,0.408166218
ABL2,0.374235675
IKZF1,0.66283955
NCAM1,0.450347224
IKZF3,0.359279779
VLDLR,0.329015973
SORL1,0.249549298
TMED2,0.420399254
YY1,0.771788443
CGN,0.276144465
HNRNPR,0.229893205
HNRNPU,0.516041186
SHANK2,0.233228301
AP2M1,1.156122253
POLD1,0.231064145
POLD2,0.356476141
STON2,0.184252459
HNRNPL,0.398940843
HNRNPM,0.275636625
PML,1.772716505
TCF25,0.131470324
HNRNPC,0.756018992
PDCD2,0.089913109
TCF21,0.172400289
HNRNPF,0.463850776
NFIC,0.690912441
CECR2,0.145370379
TSKU,0.108808502
RCC1,0.531132857
NUB1,0.203652543
ARL6IP6,0.19061755
ARL6IP5,0.41875481
HDLBP,0.287250027
SOX17,0.088890752
PBLD,0.110179049
HMGA1,0.720134015
DSG2,0.434947374
IL4R,0.836236485
BRAP,0.259422203
FER,0.491855179
ARFGEF1,0.253271173
ARFGEF2,0.411479694
FUS,0.555392796
SAV1,0.285458216
ANKRD13D,0.100037901
SUDS3,0.097209676
SERPINE2,0.313458968
MAPK8IP3,0.538578175
RGS16,0.506300518
STAU1,0.842224506
CEP152,0.085352394
RGS12,0.421107902
RGS13,0.081987961
RGS10,0.262997568
PSPH,0.442429061
PFKL,0.172353457
ZNF101,0.103543965
ID4,0.22018035
CCNE1,0.938692936
ID2,0.768470247
ID3,0.684910043
RGS18,0.228597838
ID1,0.52897797
SREBF1,0.531271906
KDR,1.514015327
MPHOSPH8,0.115629265
RCOR1,0.17888364
E2F2,0.473210058
AQP1,0.364223617
RANGAP1,0.375470269
SMARCE1,0.506426827
PDCD6,0.488447164
UTP3,0.177556643
CD55,0.3782197
SSRP1,0.526968366
CPAMD8,0.166607624
CD58,0.200566808
CD59,0.413206099
SCP2,0.628717223
NIPSNAP1,0.139159254
MINA,0.163876315
PDCD6IP,0.681057101
PDE9A,0.328120651
DLG3,0.810218507
SLC12A4,0.080740342
VANGL1,0.111858324
CACYBP,0.461020954
ACACA,0.311187366
ELF3,0.342989351
ELF2,0.146942906
MSC,0.228812509
ELF4,0.304499503
XBP1,0.245246141
RAB37,0.162374482
ANKRD6,0.146833307
SRP54,0.534710399
HJURP,0.141227721
RAB32,0.121266633
CAND1,0.336323332
NEDD4L,0.584493476
RPS21,0.146542249
AP2B1,0.93237164
DOK2,0.452338653
DOK3,0.240778581
LANCL1,0.188965035
DOK4,0.288545635
DOK5,0.207099937
LCK,3.39564106
GLE1,0.451087714
VTA1,0.421920271
MTA1,0.64865636
LRP10,0.103584748
PDGFA,0.418681401
PDGFB,0.556935657
PDGFC,0.169698306
PDGFD,0.084319859
CLASP2,0.379597942
ODF2L,0.139207055
EML4,0.152752232
PDIA3,0.629531136
ACAP1,0.251682705
PLAU,0.556796741
PLAT,0.924430005
GPC1,0.290995226
ELF1,0.254890733
GPC3,0.11673193
GPC4,0.248745818
CFL2,0.218766419
CFL1,0.827219722
SIGLEC5,0.180300242
DACH1,0.306511683
PLAA,0.122968946
TBCD,0.238927611
MTAP,0.220196626
BICD2,0.242562959
BICD1,0.168791157
SELL,0.615866787
PIK3R3,0.433946033
RCC2,0.123420966
NFIX,0.464238366
PRDM2,0.133389354
PSMA3,0.741510029
PLEKHG4,0.09897423
SELE,0.554225174
CD163,0.234752327
BBS2,0.110919023
BBS4,0.105312214
FOLR1,0.148121569
ACTL6A,0.510961871
NBL1,0.154815493
PTRF,0.221538693
DNM1L,0.146628926
BCL6B,0.106374708
SIGLEC7,0.136645376
SELP,0.4683427
SIGLEC1,0.166241495
ESM1,0.081971062
EXPH5,0.185188238
